;Назва території чи об’єкта ПЗФ;Категорія ;Тип;Площа, га;Місце розташування  території чи об`єкту ПЗФ;Назва установи, підпрємства, організації, землекористувача (землевласника), у віданні якого знаходиться територія чи об’єкт ПЗФ;Рішення, згідно з яким створено (змінено) дану територію чи об’єкт ПЗФ
Території та об`єкти ПЗФ загальнодержавного значення;;;;;;;
1;Карадазький;природний заповідник;;2874.17;98188 м. Феодосія,сел. Курортне;НАН України;Постанова РМ УССРвід 9.08. 1979 р. № 386
2;Кримський;природний заповідник;;44175.5;м. Алушта;Державне управліннясправами ПрезидентаУкраїни;Постанова РМ УССРвід 9.06. 1991 р. № 64
3;"""МисМарт'ян""";природний заповідник;;240;м. Ялта,сел. Нікіта;НБС ННЦ;Постанова РМ УССРвід 20.02.1973 р. № 84
4;ЯлтинськийГЛ;природний заповідник;;14523;м. Ялта;ДЛМГ Кримліс;Постанова РМ УССРвід 20.02.1973 р. № 84
5;Казантипський;природний заповідник;;450.1;98213 Ленінський р-н,м. Щолкіне;Мінприроди України;Указ Президента України від12.05.1998 р. № 458/98
6;Опукський;природний заповідник;;1592.3;Ленінський р-н,с. Яковенкове,вул.. Чорноморська, 1а;Мінприроди України;Указ ПрезидентаУкраїни від12.05.1998 р. № 458/98
;Всього природних заповідників;6;;63855.07;;;
1;Чарівна гавань;національний природний парк;;10900;Чорноморський район Оленьовський с/р Окуньовська с/р ;Мінприроди України;Указ ПрезидентаУкраїни від11.12.2009 р. № 1037/2009
;Всього національних природних парків;1;;10900;;;
1;Аю-Даг;заказник;ландшафтний;527;Запрудниньське л-во, кв.32 сел. Партеніт;ДП «Алуштинське ЛГ»;Пост. РМ УРСР від 28.10.1974 р. № 500
2;Великий каньйон Криму;заказник;ландшафтний;300;Бахчисарайський р-н, Соколинівське л-во;ДП «Куйбишевське ЛГ»;Пост. РМ УРСР від 28.10.1974 р. № 500
3;Плакуча скеля;заказник;ландшафтний;21.7;Сімферопольський р-н, с. Пожарське;Пожарська с/р;Пост. РМ УРСР від 13.02.1989 р. № 53
;Разом заказників ландшафтних;3;;848.7;;;
1;Арабатський;заказник;ботанічний;600;Ленінський р-н,с. Кам'янка;"СПГ ""Семісотка""";Пост. РМ УРСР від 28.10.1974 р. № 500
2;"Урочище ""Карабі-Яйла""";заказник;ботанічний;491;Новокленівське л-во, кв. 74,75,84-86;ДП «Білогірське ЛГ»;Пост. РМ УРСР від 03.08.1978 р. № 383
3;Канака;заказник;ботанічний;160;Привітненське л-во,                кв. 38-40;ДП «Судакське ЛМГ»;Пост. РМ УРСР від 07.01.1987 р. № 2
4;"Урочище ""Кубалач""";заказник;ботанічний;526;Білогірський р-н, с. Мелихово, Пристепне л-во кв. 25,26,28,29,32,33.;ДП «Білогірське ЛГ»;Пост. РМ УРСР від 03.08.1978 р. № 383
5;Новий Світ;заказник;ботанічний;470;Судакське л-во кв.42-46,67;ДП «Судакське ЛМГ»;Пост РМ УРСРвід 28.10.1974 р. № 500
6;Мале філофорне поле;заказник;ботанічний;38500;Акваторія Чорного моря;Науково-дослідна установа «Український науковий центр екології моря» Міністерства екології та природних ресурсів України;Указ Президента Українивід 31.08.2012 р. № 527/2012
;Разом заказників ботанічних;6;;40747;;;
1;Астанінські плавні;заказник;орнітологічний;50;Ленінський р-н, с. Астаніне;;Пост. РМ УРСРвід 28.10.1974 р. № 500
2;Каркінітський;заказник;орнітологічний;27646;Акваторія Чорного моря, Роздольненський р-н, Красноперекопський р-н;Кримський ПЗ;Пост. РМ УРСР від 11.01.1978 р. № 43
;Разом заказників орнітологічних;2;;27696;;;
1;Хапхальський;заказник;гідрологічний;250;м. Алушта, Сонячногірське л-во, кв. 9-11;ДП «Алуштинське ЛГ»;Пост. РМ УРСР від 28.10.1974 р. № 500
;Разом заказників гідрологічних;1;;250;;;
1;Качинський каньйон;заказник;геологічний;100;Бахчисарайській р-н Михайлівське л-во долина р. Кача кв. 55-57,61;ДП «Бахчисарайське ЛГ»;Пост. РМ УРСР від 28.10.1974 р. № 500
2;Гірський карст Криму;заказник;геологічний;4316;Білогірський р-н, Новокленівське л-во, Привітнінське л-во;ДП «Білогірське ЛГ»     ДП «Алуштинське ЛГ»   ДП «Судакське ЛМГ»;Пост. РМ УРСР від 13.02.1989 р.№ 53
;Разом заказників геологічних;2;;4416;;;
;Всього заказників загальнодержавного значення;14;;73957.7;;;
1;Агармишський ліс;пам`ятка природи ;комплексна;40;м. Старий Крим, Старокримське л-во, кв. 13;ДП «Старокримське ЛГ»;Пост. РМ УРСР від 14.10.1975 р. № 780-р
2;Бельбекський каньон;пам`ятка природи ;комплексна;100;Бахчисарайський р-н, долина р. Бельбек                     с. Танкове;ВАТ агрофірма ім. Іліча;Пост. РМ УРСР від 14.10.1975 р. № 780-р
3;Гора Ак-Кая;пам`ятка природи ;комплексна;30;Білогірський р-н,с. Біла Скеля;Вишенська с/р;Пост. РМ УРСР від 30.03.1981 р.№ 145
4;Гора Кішка;пам`ятка природи ;комплексна;50;м. Ялта, смт. Сімеїз;Сімеїзська с/р;Пост. РМ УРСР від 21.03.1984 р. № 139
5;"Гірський масив ""Караул-Оба""";пам`ятка природи ;комплексна;100;Судакський р-н,с. Новий світ,Морське л-во, кв. 45;ДП «Судакське ЛМГ»;Пост. РМ УРСР від. 14.10.1975 р. № 780-р
6;"Гора останец ""Мангуп-Кале""";пам`ятка природи ;комплексна;90;Бахчисарайській р-н,с. Залісне;Бахчисарайський державний історико-культурний заповідник;Пост. РМ УРСР від.14.10.1975 р. № 780-р
;Разом пам`яток природи комплексних;6;;410;;;
1;Гора Кара-Тау;пам`ятка природи ;ботанічна;100;м. Алушта с. Генеральське Сонячногірське л-во, кв.75;ДП «Алуштинське ЛГ»;Пост. РМ УРСР від.30.03.1981 р.№145
2;Карабі-яйлинська котловина;пам`ятка природи ;ботанічна;32;Білогірський р-н, с. Новокленівка, Новокленівське л-во, кв.75,   східна частина Карабі-Яйли;ДП «Білогірське ЛГ»;Пост. РМ УРСР від. 14.10.1975 р. № 780-р
;Разом пам`яток природи ботанічних;2;;132;;;
1;"Урочище ""Карасу-Баші""";пам`ятка природи ;гідрологічна;24;Білогірський р-н ,с. Новокленівка, Новокленівське л-во, кв.14;ДП «Білогірське ЛГ»;Пост. РМ УРСР від 14.10.1975 р. № 780-р
;Разом пам`яток природи гідрологічних;1;;24;;;
1;Кизил-Коба;пам`ятка природи ;геологічна;33;Сімферопольський р-н, с. Перевальне ;Підприємство «Кизил- Коба»;Пост. РМ УРСР від 07.08.1963 р. № 1180-р
2;"Сопка ""Джау-Тепе""";пам`ятка природи ;геологічна;10;Ленінський р-н, с. Вулканівка;Кіровська с/р;Пост. РМ УРСР від 14.10.1975 р. № 780-р
3;"Урочище""Демерджи""";пам`ятка природи ;геологічна;20;м. Алушта, с. Лучисте,Алуштинське л-во, кв. 38;ДП «Алуштинське ЛГ»;Пост. РМ УРСРвід 30.03.1981 р.№ 145
4;Карстова шахта Солдатська;пам`ятка природи ;геологічна;10;Привітненьське л-во,кв. 48;ДП «Судакське ЛМГ»;Пост. РМ УРСРвід 14.10.1975 р. № 780-р
;Разом пам`яток природи геологічних;4;;73;;;
;Всього пам`яток природи загальнодержавного значення;13;;639;;;
1;Нікітський ботанічний сад;ботанічний сад;;876.6;м. Ялта, сел. Нікіта;УААН;Пост. РМ УРСР від  14.10.1975 р. № 780-р
;Всього ботанічних садів загальнодержавного значення;1;;876.6;;;
1;Алупкінський;парк-пам`ятка садово-паркового мистецтва;;30.95;98676 м. Ялта,м. Алупка,Шоссе Дворцовое, 10;;"Пост.колегії Держкомприроди УССР від 22.07.1972 р.;Пост.Держкомитета Української ССР з екології та рац.природ. від 30.08.1990 р. № 18"
2;Гурзуфський;парк-пам`ятка садово-паркового мистецтва;;12;98640м. Ялта, с. Гурзуф,вул.. Ленінградська, 10;;Пост. РМ УРСР від 29.01.1975р. № 105
3;Кіпарісний;парк-пам`ятка садово-паркового мистецтва;;9;м. Ялта, сел. Гурзуф;;Пост. РМ УРСР від 29.01.1975 р. № 105Пост.колегії Держкомітет УССР з охорони природи від 22.07.1972 р.
4;Лівадійський;парк-пам`ятка садово-паркового мистецтва;;40.1;м. Ялта,сел. Лівадія;;Пост. РМ УРСР від 29.01.1960 р. № 105
5;Масандрівський;парк-пам`ятка садово-паркового мистецтва;;44.1;м. Ялта, сел. МасандраМасандрівський паркб. 40;;Пост. РМ УРСР від 29.01.1960 р. № 105
6;Місхорський;парк-пам`ятка садово-паркового мистецтва;;23;98600 м. Ялта, Парковий проїзд, _;;Пост. РМ УРСР від 29.01.1960 р. № 105Пост. Держком.УССР з екол та раціон.природоп. від 30.08.1990 р.  № 18
7;Утьос-Карасан;парк-пам`ятка садово-паркового мистецтва;;23;м. Алушта, сел. Утьос;;Пост. РМ УРСР від 29.01.1960 р. № 105
8;Фороський;парк-пам`ятка садово-паркового мистецтва;;70;98690 м. Ялта, сел. Форос;;Пост. РМ УРСР від 29.01.1960 р. № 105
9;Харакський;парк-пам`ятка садово-паркового мистецтва;;15;98662 м. Ялта, сел. Гаспра-2;;Пост. РМ УРСР від.29.01.1975 р. № 105
;Всього парків-пам`яток садово-паркового мистецтва загальнодержавного значення;9;;267.15;;;
;Всього територій та об`єктів ПЗФ загальнодержавного значення;44;;150495.52;;;
Території та об’єкти місцевого значення;;;;;;;
1;Калинівський;Регіональний ландшафтний парк;;12000;Джанкойський р-н ,с. Прозрачне;"Азовський ЛГЗ-4108, Акваторія оз. Сиваш -5583; Джанкойське СТПУ-48 – 2309;";Пост. ВР АРК від. 16.02.2000р. № 913-2/2000
2;Бакальська коса;Регіональний ландшафтний парк;;1520;Роздольненський р-н с. Стерегуще;ДП «Роздольненське ЛГ»;Пост. ВР АРК від. 16.02.2000 р. № 913-2/2000
3;Караларський;Регіональний ландшафтний парк;;6806;Ленінський р-н, сел. Багерове,с. Золоте,с. Чистопілля;;Постанова ВР АРК від 20.06.2007 р. № 509-5/07 «Про створення рег.ланд.парка «Карал.» в АРК
4;«Тиха бухта»;Регіональний ландшафтний парк;;1508;м. Феодосія, сел. Орджонікідзе,с. Насипне,сел. Коктебель;Орджонікідзівська с/р, Насипновська с/р, Коктебельська с/р ;Постанова ВР АРК від 19.12.2007 р. № 708-5/07
5;«Лисяча бухта Ечкі-Даг»;Регіональний ландшафтний парк;;1561;м. Судак,м. Феодосія ;Сонечнодолинська с/р, Щебетівська с/р;Постанова ВР АРК від 17.09.2008 р. № 950-5/08
6;«Воздухоплавний  комплекс «Узун-Сирт, гора Клементьева»;Регіональний ландшафтний парк;;840;с. Первомайське (Кіровський р-н),              с. Насипне, с. Коктебель     (м. Феодосія);Первомайська с/рНасипновська с/рКоктебельський с/р;Постанова ВР АРК від 22.09.2010 р. № 1883-5/10
7;«Научний»;Регіональний ландшафтний парк;;965;Бахчисарайський р-н, на території ДП «Бахчисарайське ЛГ» у с. Научне;;Пост. ВР АРК від 21.12.2011 р.       №643-6/11
8;«Біла скеля»;Регіональний ландшафтний парк;;2256;Білогірський р-н, за межами населених пунктів Вішенського, Василівського, Мічурінської сільських рад;;Пост. ВР АРК від 21.12.2011 р.       №643-6/11
9;«Бахчисарай»;Регіональний ландшафтний парк;;10300;Бахчисарайський р-н, за межами населених пунктів;ДП «Бахчисарайське ЛГ», ДП «Куйбмшівське ЛГ» КРУ «Бахчисарайський історико-культурний заповідник»;Пост. ВР АРК від 21.12.2011 р.       №643-6/11
10;«Урочище Кізіл-Коба»;Регіональний ландшафтний парк;;102;Сімферопольський р-н, за межами начселених пунктів Добровської сільської ради на західному схилі Долгоруківського карстоаого масиву у верхів’ях р. Червонопечерної;;Пост. ВР АРК від 21.12.2011 р.       №643-6/11
11;"""Донузлав""";Регіональний ландшафтний парк;;2335;;;Постанова ВР АРК від 27.02.2013 №1196-6/13
12;"""Мис Такіль""";Регіональний ландшафтний парк;;850;;;Постанова ВР АРК від 27.02.2013 №1196-6/13
13;"""Бітак""";Регіональний ландшафтний парк;;55;;;Постанова ВР АРК від 27.02.2013 №1196-6/13
14;"""Атлеш""";Регіональний ландшафтний парк;;260;;;Постанова ВР АРК від 27.02.2013 №1196-6/13
;Всього регіональних ландшафтних парків;14;;41358;;;
1;Джангульський зсувне узбережжя;заказник;ландшафтний;100;Чорноморський р-н ,с. Оленівка;Оленівська с/р;Рішення Облвиконкому від. 20.05.1980 р.№ 353
2;Ділянка степу ус. Клепиніне;заказник;ландшафтний;3;с. Клепиніно;Кримська ДСГОС;РішенняОблвиконкомувід. 15.04.1986 р. № 156
3;Ділянка степу у с. Сонячне;заказник;ландшафтний;5;Симферопольський р-н, с. Сонячне;Молодіжненська с/р;Рішення Облвиконкому від. 15.04.1986 р.№ 156
4;Цилінний степ у с. Григор'ївка;заказник;ландшафтний;208;Красногвардійський р-н, с. Григор'ївка;Янтарненська с/р;Пост. ВР АРК від. 16.02.2000 р. № 913-2/2000
5;Ай-Петринська яйла;заказник;ландшафтний;1795;ДП «Куйбишевське ЛГ», Соколінське лісництво кв. 54, 55, 59-65, 72, 75, 76, 81, 83;ДП «Куйбишевське ЛГ»;Пост. ВР АРК від. 22.12.2010 р. № 126-6/10
6;Карабі-Яйла;заказник;ландшафтний;2829;ДП «Білогірське ЛГ», Новокленівське лісництво кв. 69-73, 76-78, 80-83, 92-99, 102-105, 109-114 ;ДП «Білогірське ЛГ»;Пост. ВР АРК від. 22.12.2010 р. № 126-6/10
7;Джемерджи яйла;заказник;ландшафтний;2076;ДП «Алуштинське ЛГ» кв. 12-19, 37-40;ДП «Алуштинське ЛГ»;Пост. ВР АРК від. 21.12.2011 р. № 643-6/11
8;Сасикський;заказник;ландшафтний;5000;Сакський р-н за межами населених пунктів Лесновської, Охотніковської, Суворівської сільських рад;ДП «Євпаторійське ЛГ»;Пост. ВР АРК від. 21.12.2011 р. № 643-6/11
9;Осовинський степ;заказник;ландшафтний;3472;Ленінський р-н, за межами населених пунктів Войковської і Глазовської сільських рад;;Пост. ВР АРК від. 21.12.2011 р. № 643-6/11
10;Степова ділянка у селі Шкільне;заказник;ландшафтний;224;Сімферопольський район, у селі Шкільне, за межами населених пунктів Родніковської та Скворцовської селищних рад;;Пост. ВР АРК від. 21.12.2011 р. № 643-6/11
11;Долгоруківська яйла;заказник;ландшафтний;2130;Сімферопольський район, за межами населених пунктів Добровської мільської ради;;Пост. ВР АРК від. 21.12.2011 р. № 643-6/11
;Разом заказників ландшафтних;11;;17842;;;
1;Зелене коло;заказник;лісовий;172;Ленінський р-н, сел. Леніне;ДП «Ленінське ЛГ»кв. 2-4;Рішення Облвиконкому від. 20.05.1980 р.№ 353
;Разом заказників лісових;1;;172;;;
1;Тирке;заказник;ботанічний;1500;"Сімферопольський р-н  с. Перевальне, Перевальнинське л-во кв. 6-12,14,27,28–921гаБілогорський р-н: Красногірське л-во, кв.71 – 171 га;Міжгірське л-во, кв.43-45 - 408 га;";ДП«Симферопольське ЛМГ»;Рішення Облвиконкому від. 11.11.1979 р. № 617
2;Урочище Парагільмєн;заказник;ботанічний;225;м. Алушта, с. Малий Маяк,Запруднинське л-во кв.8, 10, 11, 13;ДП «Алуштинське ЛГ»;Рішення Облвиконкомувід. 11.11.1979 р. № 617
3;Кастель;заказник;ботанічний;150;м. Алушта, с. Малий Маяк, Алуштинське л-во, кв. 70,71;ДП «Алуштинське ЛГ»;Рішення Облвиконкому від. 11.11.1979 р. №  617
4;Михайлівський;заказник;ботанічний;145;Бахчисарайський р-н с. Долинне, Михайлівське л-во, кв. 7,8,13,16,24-30;ДП «Бахчисарайське ЛГ»;Рішення Облвиконкому від. 11.11.1979 р. № 617
5;Бельбекський тисовий гай;заказник;ботанічний;20;Бахчисарайський р-н сел. Куйбишеве, Куйбишевське л-во кв.12;ДП «Куйбишевське ЛГ»;Рішення Облвиконкому від. 20.05.1980 р. № 353
6;Ділянка степу на Тарханкутському півострові;заказник;ботанічний;100;Чорноморський р-н, с. Красносільське,Окунівська с/р;"к-п ""Шлях Леніна""";Рішення Облвиконкому від. 20.05.1980 р.№ 353
7;Пожарський;заказник;ботанічний;20;Симферопольський р-н, с. Пожарське;Пожарська с/р;Рішення Облвиконкому від. 11.11.1979 р. № 617
8;Присиваський;заказник;ботанічний;1000;Ніжньогірський р-н с. Ізобільне;"р-п ""Примор'є"" КСП ""Іскра""";Рішення Облвиконкому від. 11.11.1979 р. № 617
9;Південнобережні дубрави;заказник;ботанічний;10.8;м. Ялта, сел. Нижня Ореанда;"СКО Пансіонат ""Гліцинія""";Пост. ВР АРК від. 22.10.2003 р. № 709-3/03
10;«Гірський масив Тепе-Оба»;заказник;ботанічний;1200;м. Феодосія, сел. Орджонікідзе;Орджонікідзеньська с/р;Пост. ВР АРК от 19.12.2007 р. № 708-5/07
11;Ялівцевий гай у балки Канли-Дере імені Новели Вавилової;заказник;ботанічний;64;м. Бахчисарай  у гори Бешик-Тау;;Пост. ВР АРК від. 21.12.2011 р. № 643-6/11
12;"""Папая-Кая""";заказник;ботанічний;550;;;Постанова ВР АРК від 27.02.2013 №1196-6/13
;Разом заказників ботанічних;12;;4984.8;;;
1;Озеро Чокрак;заказник;гідрологічний;1000;Ленінський р-н за межами населених пунктів Багеровської сільської ради;;Пост. ВР АРК від. 21.12.2011 р. № 643-6/11
;Разом заказників гідрологічних;1;;1000;;;
;Всього заказників місцевого значення;25;;23998.8;;;
1;Гора-відторженець Парагільмен;пам`ятка природи ;комплексна;5;м. Алушта, с. Малий Маяк, Запруднинське л-во, кв. 12;ДП «Алуштинське ЛГ»;Рішення Облвиконкому від. 15.02.1964 р.№ 92
2;"Ділянки дубовихгаїв ""Дубки"" ";пам`ятка природи ;комплексна;14;"Сімферопольський р-н, с. Партизани,Партизанське лісн., кв.89, вид.4;кв.4, вид.1";ДП «Сімферопольське ЛМГ»;Рішення Облвиконкому від 15.02.1964 р.№ 92
3;Ділянка узбережжя у с. Миколаївка;пам`ятка природи ;комплексна;5;Сімферопольський р-н с. Миколаївка;Миколаївська с/р;Рішення Облвиконкому від. 15.02.1964 р. № 92
4;Столова гора-останець Тепе-Кермен;пам`ятка природи ;комплексна;5;Бахчисарайський р-нс. Кудрино;Бахчисарайський державний історико-культурний музей;Рішення Облвиконкому від. 15.02.1964 р.№ 92
5;Бакла;пам`ятка природи ;комплексна;5;Бахчисарайський р-нс. Скалисте;КСП «ім. Чапаєва»;Рішення Облвиконкому від. 15.02.1964 р.№ 92
6;Гора-останець Шелудива;пам`ятка природи ;комплексна;5;Бахчисарайський р-нс. Прохладне;КСП «ім. Чапаєва»;Рішення Облвиконкому від. 15.02.1964 р.№ 92
7;Мис Ай-Тодор;пам`ятка природи ;комплексна;8;м. Ялта ,сел. Гаспра;"сан. Перлина – 2,1 га, Парус – 3,0 га, Дніпро - 0,5 га Ай-Тодорський Маяк, в/ч 49385 – 0,2 га, Санаторій „Дніпро"" - 0,5 гаТОВ «Ялта-Верона» - 0,117га";Рішення Облвиконкому від. 15.02.1964 р.№ 92Пост. ВР АРК від 21.05.1997 р. № 1170-1
8;Скелі-острівки Адалари;пам`ятка природи ;комплексна;1;м. Ялта, смт. Гурзуф;Гурзуфська с/р;Рішення Облвиконкому від. 15.02.1964 р.№ 92
9;Мис Плака;пам`ятка природи ;комплексна;5;м. Алушта, сел. Партеніт;Санаторій Утьос;Рішення Облвиконкому від. 15.02.1964 р.№ 92
10;Гора Лягушка;пам`ятка природи ;комплексна;5;м. Судак, с. Дачне;Дачнівська с/р;Постан. бюро Кримськ. обкома КПУ і облвиконкома від 30.01.1969 р. № 198-67
11;Ай-Серез;пам`ятка природи ;комплексна;5;"м. Судак, с. Міжріччя Морське л-во, кв.19, вид.22,23,25,26,76,44; кв.23, від.16";ДП «Судакське ЛМГ»;Рішення Облвиконкому від. 22.09.1969 р. № 634
12;Гора Крестова;пам`ятка природи ;комплексна;7;м. Ялта, сел. Ореанда;Санаторний комплекс «Дюльбер»;Рішення Облвиконкому від. 22.09.1969 р. № 634
13;Скеля Іфігенія;пам`ятка природи ;комплексна;9;м. Ялта, сел. Берегове;Сімеїзська с/р;Пост. ВР АРК від 21.05.1997 р.№ 1170-1
14;Урочище «Гора Болгатура»;пам`ятка природи ;комплексна;1.9;м. Ялта, сел. Гурзуф;ТОВ «Флора Сервіс»;Пост. ВР АРК від 19.05.2005 р. № 1316-4/05
15;«Півострів Меганом»;пам`ятка природи ;комплексна;651.591;м. Судак, с. Сонячна Долина ;Сонячнодолинська с/р;Пост. ВР АРК от 19.12.2005 р. № 708-5/07
;Разом пам`яток природи комплексних;15;;732.491;;;
1;Гай яливцю високого в р-ні Семідвір'я;пам`ятка природи ;ботанічна;5;м. Алушта, с. Семідвір'є Алуштинське л-во, кв. 53 вид. 18;ДП «Алуштинське ЛГ»;Рішення Кримського Облвиконкому від 15.02.1964 р. № 92
2;Дуб-Богатир Тавриди;пам`ятка природи ;ботанічна;0.067;м. Сімферополь, Міський Дитячий парк;Сімфероп. дитячий оздоровч. екол. центр;Рішення Облвиконкому від. 22.02.1972 р. № 97
3;П'ятистовбуровий каштан;пам`ятка природи ;ботанічна;0.0323;м. Сімферополь, вул. Фрунзе, 30;Київська райрада м. Сімферополь;Рішення Облвиконкому від. 22.02.1972 р. № 97
4;Суворовський дуб;пам`ятка природи ;ботанічна;0.09;Білогірський р-н, с. Яблучне;"р-з ""Предгор'є""";Пост. ВР АРК від 21.05.1997 р. № 1170-1
5;Суничник НБС;пам`ятка природи ;ботанічна;;м. Ялта, смт. Нікіті, НБС-ННЦ, нижче та на схід від наукового корпусу;НБС-ННЦ;Пост. ВР АРК від. 21.12.2011 р. № 643-6/11
6;Фісташка НБС;пам`ятка природи ;ботанічна;;м. Ялта, смт. Нікіті, НБС-ННЦ, у 20 метрах нижче наукового корпусу у Верхньому парку;НБС-ННЦ;Пост. ВР АРК від. 21.12.2011 р. № 643-6/11
7;Олива НБС;пам`ятка природи ;ботанічна;;м. Ялта, смт. Нікіті, НБС-ННЦ, у нижній частині Верхнього парку;НБС-ННЦ;Пост. ВР АРК від. 21.12.2011 р. № 643-6/11
8;Тис Лесі Українки;пам`ятка природи ;ботанічна;;м. Ялта, смт. Масандра, Масандрівський парк;Державна адміністрація Лівадійського, Масандрівського, Місхорського парків-пам’яток садово-паркового мистецтва загальнодержавного значення;Пост. ВР АРК від. 21.12.2011 р. № 643-6/11
9;Дуб-релікт бельбекських дібров;пам`ятка природи ;ботанічна;;Бахчисарайський р-н, за межами населених пунктів Куйбишевської сільської ради, 1 км східніше с. Куйбишеве;Куйбишевська селищна рада;Пост. ВР АРК від. 21.12.2011 р. № 643-6/11
10;Шовковиця Гіреїв;пам`ятка природи ;ботанічна;;м. Бахчисарай, вул. Східна, 10, на території кухонного двору Бахчисарайського ханського палацу;КРУ «Бахчисарайський історико-культурний заповідник»;Пост. ВР АРК від. 21.12.2011 р. № 643-6/11
11;Священний гай Балта-Тиймез;пам`ятка природи ;ботанічна;;м. Бахчисарай, на території старого Караїмського кладовища Балта-Тиймез у верхів’ях балки Мар’ям-дере;КРУ «Бахчисарайський історико-культурний заповідник»;Пост. ВР АРК від. 21.12.2011 р. № 643-6/11
12;Горіх Пузанова;пам`ятка природи ;ботанічна;;Бахчисарайський р-н, с. Верхоріччя, вул. 8-го Березня, 18;гр. Павлюкова;Пост. ВР АРК від. 21.12.2011 р. № 643-6/11
13;Фісташка Юстиніана;пам`ятка природи ;ботанічна;;м. Ялта, с. Гаспра, мис Ай-Тодор;ВЧ А4014а;Пост. ВР АРК від. 21.12.2011 р. № 643-6/11
14;Платан пам’ять Алустона;пам`ятка природи ;ботанічна;;м. Алушта, 200 м від моря і від річки Демерджинка у парку ;Алуштинська міська рада;Пост. ВР АРК від. 21.12.2011 р. № 643-6/11
15;Горіх Юрія Нікуліна;пам`ятка природи ;ботанічна;;м. Алушта, с. Лучмсте, на території Долини привидів у підніжжя гори Демерджи.;ДП «Алуштинське лісове господарство»;Пост. ВР АРК від. 21.12.2011 р. № 643-6/11
16;Суничник Єни;пам`ятка природи ;ботанічна;;м. Ялта, За межами населених пунктів Лівадійської селищної ради в районі с. Ореанда на горі Ай-Нікола у 20 м праворуч від Курчатовської туристичної стежки;Ялтинський гірсько-лісовий природний заповідник;Пост. ВР АРК від. 21.12.2011 р. № 643-6/11
17;Нескорений;пам`ятка природи ;ботанічна;;м. Алушта, сел. Малий Маяк, ЗАТ «Санаторій «Утьос»;ЗАТ «Санаторій «Утьос»;Пост. ВР АРК від. 21.12.2011 р. № 643-6/11
18;Дуб Дулицького;пам`ятка природи ;ботанічна;;М. Сімферополь, територія Дитячого парку;Сімферопольський дитячий освітньо-екологічний центр Сімферопольської міськради;Пост. ВР АРК від. 21.12.2011 р. № 643-6/11
19;Ялівець Шумера;пам`ятка природи ;ботанічна;;;;Постанова ВР АРК від 27.02.2013 №1196-6/13
20;Ялівець майора Селіхова;пам`ятка природи ;ботанічна;;;;Постанова ВР АРК від 27.02.2013 №1196-6/13
21;Ялівець Фортунатова;пам`ятка природи ;ботанічна;;;;Постанова ВР АРК від 27.02.2013 №1196-6/13
22;Ялівець героїв Судакського десанту;пам`ятка природи ;ботанічна;;;;Постанова ВР АРК від 27.02.2013 №1196-6/13
23;Ялівець Шафера;пам`ятка природи ;ботанічна;;;;Постанова ВР АРК від 27.02.2013 №1196-6/13
24;Ялівець Ягунова;пам`ятка природи ;ботанічна;;;;Постанова ВР АРК від 27.02.2013 №1196-6/13
25;Платан Романтика;пам`ятка природи ;ботанічна;;;;Постанова ВР АРК від 27.02.2013 №1196-6/13
26;Фісташка Чехова;пам`ятка природи ;ботанічна;;;;Постанова ВР АРК від 27.02.2013 №1196-6/13
27;Фісташка Ліпи;пам`ятка природи ;ботанічна;;;;Постанова ВР АРК від 27.02.2013 №1196-6/13
28;Шовковиця Резніченко;пам`ятка природи ;ботанічна;;;;Постанова ВР АРК від 27.02.2013 №1196-6/13
29;Самшит вічнозелений;пам`ятка природи ;ботанічна;;;;Постанова ВР АРК від 27.02.2013 №1196-6/13
30;Платан Східний;пам`ятка природи ;ботанічна;;;;Постанова ВР АРК від 27.02.2013 №1196-6/13
;Разом пам`яток природи ботанічних;30;;5.1893;;;
1;"ПАК у гірського масиву ""Караул-ОбаКараул-Оба""";пам`ятка природи ;гідрологічна;90;м. Судак, сел. Новий Світ Морське л-во;Новосвітська с/р;Рішення Облвиконкому від. 22.02.1972 р. № 97
2;ПАК у гориАю-Даг;пам`ятка природи ;гідрологічна;150;м. Алушта, сел. Партеніт, Запрудниньське л-во кв. 32;ДП «Алуштинське ЛГ»;Рішення Облвиконкому від 22.02.1972 р.№ 97
3;ПАК між сел. Новий Світ і Судаком;пам`ятка природи ;гідрологічна;120;м. Судак, Судакське л-во;ДП «Судакське ЛМГ»;Рішення Облвиконкому від 22.02.1972 р. № 97
4;ПАК у мису Чауда;пам`ятка природи ;гідрологічна;90;Ленінський р-н,с. Ярке ;Чаудинське мисливське  - господарство   товариської організації «ВВОО»;Рішення Облвиконкому від 22.02.1972 р. № 97
5;ПАК у мису Карангат;пам`ятка природи ;гідрологічна;150;Ленінський р-н, с. Ярке;Чаудинське мисливське  - господарство   товариської організації «ВВОО»;Рішення Облвиконкому від 22.02.1972 р. № 97
6;"  ПАК у мису Опук та островів ""Скелі-Кораблі""";пам`ятка природи ;гідрологічна;150;Ленінський р-н, с. Мар’ївка,с. Борисівка;Опукский природний заповідник;Рішення Облвиконкому від 22.02.1972 р. № 97
7;ПАК у мису Хроні;пам`ятка природи ;гідрологічна;180;Ленінський р-н, с. Осовини;Глазовська с/р;Рішення Облвиконкому від 22.02.1972 р. № 97
8;ПАК у мису Казантип;пам`ятка природи ;гідрологічна;240;Ленінський р-н, с. Мисове;Казантипский природний заповідник;Рішення Облвиконкому від 22.02.1972 р. № 97
9;ПАК у Арабатської стрілки;пам`ятка природи ;гідрологічна;150;Ленінський р-н, с. Кам'янське;КСП «Сємісотка»;Рішення Облвиконкому від 22.02.1972 р. № 97
10;ПАК у Джангульського зсувного узбережжя;пам`ятка природи ;гідрологічна;180;Чорноморський р-н, с. Оленівка;Оленівська с/р;Рішення Облвиконкому від 22.02.1972 р. № 97
11;ПАК у скелі Діва та г. Кішка;пам`ятка природи ;гідрологічна;60;м. Ялта, сел. Сімеїз;Сімеїзська с/р;Рішення Облвиконкому від 22.02.1972 р. № 97
12;ПАК у мису Ай-Тодор;пам`ятка природи ;гідрологічна;120;м. Ялта, сел. Гаспра;Гасприньська с/р;Рішення Облвиконкомувід 22.02.1972 р. № 97
13;ПАК у мису Плака;пам`ятка природи ;гідрологічна;60;м. Алушта,сел. Партеніт;Санаторій Утьос;Рішення Облвиконкому від 22.02.1972 р.№ 97
14;ПАК у с. Сонячногірське та с. Малоріченьське;пам`ятка природи ;гідрологічна;60;м. Алушта,с. Сонячногірськес. Малоріченьське;Малоріченьська с/р;Рішення Облвиконкому від 22.02.1972 р. № 97
;Разом пам`яток природи гідрологічних;14;;1800;;;
1;Печера-грот Данільча-Коба;пам`ятка природи ;геологічна;1;Бахчисарайський р-н, с. Соколине, Соколине л-во, кв.20, від.2;ДП «Куйбишевське ЛГ»;Рішення Облвиконкому від 15.02.1964 р.№ 92
2;Природні сфінкси у долині р. Чурук-Су;пам`ятка природи ;геологічна;5;Бахчисарайський р-н, Михалівське л-во, кв. 43;ДП «Бахчисарайське ЛГ»;Рішення Облвиконкому від. 15.02.1964 р.№ 92
3;Печера-грот Кіік-Коба;пам`ятка природи ;геологічна;1;Сімферопольський р-н с. Балонове, Красногорське л-во кв.21;ДП «Сімферопольське ЛМГ»;Рішення Облвиконкому від. 15.02.1964 р.№ 92
4;Печера-грот Чокурча;пам`ятка природи ;геологічна;1;Сімферопольський р-н с. Лугове;автоколона№14654;Рішення Облвиконкому від. 15.02.1964 р.№ 92
5;Острівок-глиба пермських вапняків на Сімферопольському водосховищі;пам`ятка природи ;геологічна;1;Сімферопольський р-н Сімферопольське водосховище;Салгірське управління зрошувальних систем;Рішення Облвиконкому від. 15.02.1964 р.№ 92
6;Природні сфінкси Каралезьської долини;пам`ятка природи ;геологічна;5;Бахчисарайський р-н, с. Залісне;Красномакська с/р;Рішення Облвиконкому від 15.02.1964 р.№ 92
7;Печера-грот Сюрень;пам`ятка природи ;геологічна;1;Бахчисарайський р-н, с. Танкове;Куйбишевська с/р;Рішення Облвиконкому від 15.02.1964 р.№ 92
8;Мис Чауда;пам`ятка природи ;геологічна;5;Ленінський р-н, с. Ярке;Чаудинське мисливське  -господарство   товариської організації «ВВОО»;Рішення Облвиконкому від 15.02.1964 р. № 92
9;Карстова шахтаМаксимовича;пам`ятка природи ;геологічна;1;Бахчисарайськийр-н, Куйбишевськел-во, кв. 85;ДП «Куйбишевське ЛГ»;Постанова бюро Кримськ. Обкому КПУта облвиконкому  від  30.01.1969 р. № 19/8-67
10;Червоний камінь;пам`ятка природи ;геологічна;2;м. Ялта, с. Краснокам'янка;Гурзуфська с/р;Постанова бюро Кримськ. Обкому КПУта облвиконкому  від  30.01.1969 р. №19/8-67
11;   Зміїна печера;пам`ятка природи ;геологічна;1;Сімферопольський р-н с. Лівадки, Партизан-ське л-во, кв. 20;Сімферопольське ДЛМГ;Постанова бюро Кримськ. Обкому КПУта облвиконкому  від  30.01.1969 р. № 19/8-67
12;Кучук-Ламбатський кам'яний хаос;пам`ятка природи ;геологічна;5;м. Алушта, с. Кіпарісне,с. Бондаренкове;Маломаякська с/рТОВ «Центр стратегічних інвестицій»;Рішення Облвиконкому від 30.01.1969 р. № 19/8-67Постанова ВР АРК від 20.12.06 № 284-5/06
13;Ділянка узбережжя між с. Сонячногірьське та Малоріченське;пам`ятка природи ;геологічна;5;м. Алушта, с. Сонячногірьське с. Малоріченське;Малоріченська с/р;Рішення Облвиконкому від 30.01.1969 р. № 19/8-67
14;Печера Сюндюрлю;пам`ятка природи ;геологічна;1;Бахчисарайський р-н с. Поляна, Куйбишевське л-во, кв. 78, вид. 9;ДП «Куйбишевське ЛГ»;Рішення Облвиконкому від 01.12.1972 р. № 579
15;Печера МАН (малої академії наук);пам`ятка природи ;геологічна;1;м. Алушта,с. Лучистое Алуштинське л-во, кв.36 вид.1, півн. укізг. Демерджи;ДП «Алуштинське ЛГ»;Рішення Облвиконкому від 01.12.1972 р. № 579
16;Печера Аджи-Коба;пам`ятка природи ;геологічна;1;Білогірський р-н, Міжгорне л-во, кв 33;ДП «Сімферопольське ЛМГ»;Рішення Облвиконкому від 01.12.1972 р. № 579
17;Печера Аянська;пам`ятка природи ;геологічна;1;Сімферопольський р-н с. Зарічне, північний укіз Чатирдага;ППВКХ м. Сімферополя;Рішення Облвиконкомувід 01.12.1972 р. № 579
18;Вовчий грот;пам`ятка природи ;геологічна;1;Сімферопольський р-н с. Мазанка;Мазанська с/р;Рішення Облвиконкому від 22.02.1972 р.№ 97
19;Оголення скам'янілогопотоку вулканічної лави;пам`ятка природи ;геологічна;0.5;Сімферопольський р-н с. Петропавлівка,Петропавлівський кар’єр;Добрівська с/р;Рішення Облвиконкому від 20.12.1988 р. № 366
20;Грязьова сопка Андрусова;пам`ятка природи ;геологічна;1;Ленінський р-н, с. Бондаренкове;Войківська с/р;Рішення Облвиконкому від 22.09.1969 р. № 634
21;Грязьова сопка Вернадського;пам`ятка природи ;геологічна;1;Ленінський р-н, с. Бондаренкове;Войківська с/р;Рішення Облвиконкому від 22.09.1969 р.№ 634
22;Грязьова сопка Обручева;пам`ятка природи ;геологічна;1;Ленінський р-н, с. Бондаренкове;Войківська с/р;Рішення Облвиконкому від 22.09.1969 р.№ 634
;Разом пам`яток природи геологічних;22;;42.5;;;
;Всього пам`яток природи місцевого значення;81;;2580.1803;;;
1;Євпаторійський дендропарк;дендрологічний парк;;3.2;м. Євпаторія;"ТОВ ""Парк розваг""";Пост. ВР АРК від. 16.02.2000 р. № 913-2/2000
;Всього дендрологічних парків місцевого значення;1;;3.2;;;
1;"Парк санаторію""Дюльбер""";парк-пам’ятка садово-паркового мистецтва;;5.64;м. Ялта,сел. Кореїз;"Санаторнийкомплекс""Дюльбер""";Пост. ВР АРКвід26.04.2000 р.№ 1089-2/2000
2;Сакськийкурортний парк;парк-пам’ятка садово-паркового мистецтва;;31;м. Саки;"Санаторій ""ім.Ленина МОУкраїни ""1 - ДП спец.санаторій ім.ак.Н.Н. Бурденко ЗАТ „Укрпрофздравніца"" -1,2208га;2 - ЗАО „Санаторій Саки"" - 18,2884га;3 - ПП ГусейновФ.К.-0,095 га;4 - Сакський військовий клин.санаторія ім. Н.И.Пирогова -10,9811 га;5 - ПП „Едельвейс""-0,1712га.";РішенняОблвиконкомувід 15.04.1964 р.№ 92від 18.12.1984 р.№ 597
3;"Парк дачі ""Місхор""";парк-пам’ятка садово-паркового мистецтва;;2.29;м. Ялта,сел. Кореїз;"Санаторний комплекс ""Дюльбер""";Пост. ВР АРК від 26.04.2000 р № 1089-2/2000
4;"Парк санаторію ""Морський прибій""";парк-пам’ятка садово-паркового мистецтва;;8.87;м. Ялта,сел. Кореїз;"Санаторний комплекс ""Дюльбер""";Пост. ВР АРК від. 26.04.2000 р. № 1089-2/2000
5;Лісопарк Перчем;парк-пам’ятка садово-паркового мистецтва;;4.6;м. Судак, Судакське л-во, кв. 39, вид. 10;ДП «Судакський ЛМГ»;Рішення Облвиконкому від 01.12.1972 р.№ 579
6;Лазурний;парк-пам’ятка садово-паркового мистецтва;;22;м. Ялта, сел. Гурзуф;МДЦ Артек;Рішення Облвиконкому від 01.12.1972 р.№ 579
7;Морський;парк-пам’ятка садово-паркового мистецтва;;7;м. Ялта, сел. Гурзуф;МДЦ Артек;Рішення Облвиконкому від 01.12.1972 р.№ 579
8;Гірський;парк-пам’ятка садово-паркового мистецтва;;23;м. Ялта, сел. Гурзуф;МДЦ Артек;Рішення Облвиконкому від 01.12.1972 р. № 579
9;Комсомольський;парк-пам’ятка садово-паркового мистецтва;;7;м. Ялта, сел. Гурзуф;МДЦ Артек;Рішення Облвиконкому від 01.12.1972 р. № 579
10;Меласький;парк-пам’ятка садово-паркового мистецтва;;12;м. Ялта, с. Санаторне;"санаторій ""Мелас""";Рішення Облвиконкому від 01.12.1972 р.№ 579
11;Нижня Ореанда;парк-пам’ятка садово-паркового мистецтва;;41.6;м. Ялта,ї с. Нижня Ореанда;"санаторій ""Нижня Ореанда""";Рішення Облвиконкому від 01.12.1972 р. № 579
12;"Парк дому відпочинку „Судак""";парк-пам’ятка садово-паркового мистецтва;;17.42;м. Судак;"ВАТ «Туристичний оздоровчий комплекс ""Судак""»";Пост. ВР АРКвід 21.05.1997 р. № 1170-1
13;"Парк дому відпочинку ""Айвазовське""";парк-пам’ятка садово-паркового мистецтва;;18;м. Алушта,сел. Партеніт;"дім відпочинку ""Айвазовське""";Пост. ВР АРК від 19.11.1998 р.№ 286-2/98
14;"Парк санаторію ""Ай-Даніль""";парк-пам’ятка садово-паркового мистецтва;;19.4;98643 м. Ялта,сел. Данилівнавул.. Лісова, 4;"санаторій ""Ай-Даніль""";Пост. ВР АРК від. 19.11.1998 р. № 286-2/98
15;"Парк ""Еміра БухарськогоСейїд-Абдул-Ахад-Хана""";парк-пам’ятка садово-паркового мистецтва;;9.5;м. Ялта, с. Ливадія;"санаторій ""Узбекістан""";Пост ВР АРК від 19.11.1998 р. № 286-2/98
16;"Парк санаторію ""Гірський""";парк-пам’ятка садово-паркового мистецтва;;17.17;м. Ялта, с. Ливадія;ФАО «Атомпрофздравниця санаторія «Горний»;Пост. ВР АРК від 19.11.1998 р.  № 286-2/98
17;"""Чукурлар""";парк-пам’ятка садово-паркового мистецтва;;14.42;98613 м. Ялта,вул.. Комунарів, 12;Республ.підприємство «Курортно-оздоровчий комплекс «Росія»;Пост. ВР АРК від 22.06.1999 р.  № 585-2/99
18;"Парк пансіонату ""Прибрежний""";парк-пам’ятка садово-паркового мистецтва;;6;98654 м. Ялта, с. Отрадне;"Пансіонат ""Прибрежний""";Пост. ВР АРК від 16.02.2000 р.№ 913-2/2000
19;"Парк санаторію ""Сокіл""";парк-пам’ятка садово-паркового мистецтва;;3.06;м. Судак-2,вул.. Приморська, 21;"Санаторій ""Сокіл""";Пост. ВР АРК від 16.02.2000 р. № 913-2/2000
20;"Парк санаторію ""Чорноморьє""";парк-пам’ятка садово-паркового мистецтва;;11.679;м. Ялта,сел. Лівадія;"Санаторій ""Чорноморьє""";Пост. ВР АРК від 18.10.2002 р.№ 295-3/02
21;"""Малий Лівадіській парк""";парк-пам’ятка садово-паркового мистецтва;;9.6;м. Ялта, сел. Нижня Ореанда;"СКО Пансіонат ""Гліцинія""";Пост. ВР АРК від 22.10.2003 р. № 709-3/03
;Всього парків-пам`яток садово-паркового мистецтва місцевого значення;21;;291.249;;;
1;Яйла Чатирдага;заповідне урочище;;900;м. Алушта, Алуштинське л-во, кв. 1-10;ДП «Алуштинське ЛГ»;Рішення Облвиконкому від 20.05.1980 р.№ 353
2;Долина р. Сатера;заповідне урочище;;10;м. Алушта, Алуштинське л-во, кв. 43;ДП «Алуштинське ЛГ»;Рішення Облвиконкому від 20.05.1980 р.№ 353
3;"Лісова діброва ""Левадки""";заповідне урочище;;16;Сімферопольський р-н, с. Левадки, Партизанське л-во, кв. 17;ДП «Сімферопольське ЛМГ»;Рішення Облвиконкому від 20.05.1980 р.№ 353
4;Балка Великий Кастель;заповідне урочище;;20;Чорноморський р-н, с. Оленівка;Оленівська с/р;Рішення Облвиконкому від 20.05.1980 р.№ 353
5;Гірсько-лісовий масив у с.Тополівка та с. Курське;заповідне урочище;;200;Білогорський р-н;ДП «Старокримське ЛМГ»;Рішення Облвиконкому від 20.05.1980 р.№ 353
6;Мис Алчак у м. Судак;заповідне урочище;;55;м. Судак,Судакське лісництво, обхід №5;ДП «Судакське ЛМГ»;Рішення Облвиконкому від 20.12.1988 р.№ 366
7;Гай фісташки туполистої;заповідне урочище;;4.3;м. Алушта;Оздоровче-спортивний табір МАІ;Пост. ВР АРК від 21.05.1997 р.  № 1170-1
;Всього заповідних урочищ;7;;1205.3;;;
1;Ботанічний сад при Тавридському національному університетііменіВ.І.Вернадського;ботанічний сад;;33.16;м. Сімферополь;Тавриський національний університет ім. В.І . Вернадського;Постанова ВР АРК від 21.04.2005  р.№ 1271-4/05
;Всього ботанічних садів місцевого значення;1;;33.16;;;
1;"парк ""Казка""";зоологічний парк;;2.4276;м. Ялта,с. Виноградне;МПП Зубкова О.А.Зооуголок «Сказка»;Пост. ВР АРКвід 22.10.2003 р.№ 709-3/03
2;«Сафарі-парк «Тайган»;зоологічний парк;;32.4745;м. Білогірськ, вул. Лавандова, 1;МПП Зубкова О.А.;Пост. ВР АРКвід 18.04.2012 р.№ 784-6/12
;Всього зоологічних парків місцевого значення;2;;34.9021;;;
;Всього територій та об`єктів ПЗФ місцевого значення:;152;;69504.7914;;;
;Всього територій та об`єктів ПЗФ:;196;;220000.3114;;;
