№ з.п.;Назва території чи об’єкта ПЗФ;Категорія ;Тип;Площа, га;Місце розташування  території чи об`єкту ПЗФ;Назва установи, підпрємства, організації, землекористувача (землевласника), у віданні якого знаходиться територія чи об’єкт ПЗФ;Рішення, згідно з яким створено (змінено) дану територію чи об’єкт ПЗФ;;;
Території та об`єкти ПЗФ загальнодержавного значення;;;;;;;;;;
;"Луганський природний заповідник відділення ""Стрільцівський степ""";природний заповідник;;1036.5164;Міловський район с.Криничне, Великоцька с/р, на південь від с.Журавське;національна академія наук України;"Рішення Луганської облради від 15.12.1998; Указ Президента України від 21.04.2004 № 466/2004";;;
;Луганський природний заповідник  відділення „Провальський степ”;природний заповідник;;587.5;Свердловський район,с. Провалля Провальська с/р;національна академія наук України;Постанова Ради Міністрів УРСР  від 22.12.1975 № 1003-р;;;
;"Луганський природний заповідник відділення ""Станично-Луганське""";природний заповідник;;498;Станично-Луганський район ст.Кондрашевська- Нова Станично-Луганська селищна рада;національна академія наук України;Постанова Ради Міністрів УРСР від 12.11.1968 № 568;;;
;Луганський природний заповідник  відділення «Трьохізбенський степ»;природний заповідник;;3281;"Трьохізбенська с/р Слов""яносербського р-ну Гречишкінська с/р Новоайдарського р-ну";національна академія наук України;Рішення Луганської облради від 12.10.2007 № 16/17 Указ Президента України від 07.12.2008 № 1169/2008;;;
;Всього природних заповідників;1;;5403.0164;;;;;;
2;Сіверсько-Донецький;національний природний парк;;7007;Кремінський район;визначається;Указ Президента України № 1040/2009 від 11.12.2009 Постанова Вищого адміністративного суду України від 21.10.2010  у справі № П-155/10;;;
;Всього національних природних парків;1;;7007;;;;;;
3;Юницький;заказник ;ботанічний;1065;Біловодський район с.Городище с.Первомайськ Юницьке лісництво ;Луганська агролісомеліоративна науково-дослідна станція;"Рішення виконкому Ворошиловградської о/р  від 07.12.1971 № 402;  Рішення виконкому Ворошиловградської о/р від  01.08.1972 № 251(в.ч.); Постанова Ради Міністрів від 28.10.1974 № 500;  Указ Президента України від 12.09.2005 № 1238/2005";;;
;Разом заказників ботанічних;1;;1065;;;;;;
;Всього заказників загальнодержавного значення;1;;1065;;;;;;
4;Конгресів яр;пам`ятка природи;геологічна;20;м. Лисичанськ;Лисичанська геолого-розвідувальна  експедиція;"Рішення виконкому Луганської обласної ради від  04.02.1969 № 72;(в.ч.) Рішення виконкому  Ворошиловградської обласної  ради від 01.08.1972  № 251; (в.ч.), Розпорядження Ради Міністрів УРСР від 14.10.1975 № 780-р; Постанова держкомітету УРСР   по екології  і раціональному природокористуванню від 30.08.1990 № 18";;;
;Разом пам`яток природи геологічних ;1;;20;;;;;;
5;Айдарська тераса;пам`ятка природи;комплексна;100;"Новоайдарський район;  ДП ""Новоайдарське ЛМГ"" Новоайдарське лісництво урочище Денежникове кв. 34-35";"ДП ""Новоайдарське ЛМГ""";"Рішення виконкому Ворошиловградської  обласної ради від 13.09.1977 № 370 (в.ч.) Рішення виконкому Ворошиловградської  ської обласної ради від 12.07.1980; (в.ч.) Постанова Ради Міністрів УРСР від 30.03.1981 № 145; Постанова комітету УРСР по екології і раціональному природокористуванню від 30.08.1990 № 18";;;
;Разом пам`яток природи комплексних;1;;100;;;;;;
;Всього пам`ток природи загальнодержавного значення;2;;120;;;;;;
6;Гостра Могила;парк-пам'ятка садово-паркового мистецтва;;86;м. Луганськ Луганське лісництво кв. 33,34;"ДП ""Луганське ЛМГ""";Рішення виконкому Ворошиловградської обласної  ради від 13.09.1977 № 370 (в.ч.) Постанова Держкомітету УРСР по охороні природи від 26.02.1980 № 14;;;
7;Парк Дружби;парк-пам'ятка садово-паркового мистецтва;;50;Новоайдарський район с. Побєда;Побєдівська с/р Новоайдарський район;Рішення виконкому Ворошиловградської обласної  ради від 13.09.1977 № 370 (в.ч.) Постанова Держкомітету УРСР по охороні природи від 26.02.1980 № 14;;;
;Всього  парків-пам`яток загальнодержавного значення;2;;136;;;;;;
;Всього територій та об`єктів ПЗФ загальнодержавного значення;7;;13731.0164;;;;;;
                  Території та об'єкти ПЗФ місцевого значення;;;;;;;;;;
8;Біловодський;регіональний ландшафтний парк;;14011; біля с. Городище;"Луганська агролісомеліоративна науково-дослідна станція, Данилівська с/р,   Городищенська с/р Біловоського району ДП ""Біловодське ЛМГ"", ЗАТ""Агротон"" від.""Лан"" Луганська обласна організація УТМР";Рішення Луганської обласної ради від 25.12.2001 № 20/20;;;
;Всього регіональних ландшафтних парків;1;;14011;;;;;;
9;Боково-Платово;заказник ;ландшафтний;598;"ДП""Іванівське ЛМГ"" ";"ДП""Іванівське ЛМГ""";Розпорядження Луганської облдержадміністрації від 31.05.1996 № 599;;;
10;ставок м. Антрацит;заказник ;ландшафтний;23.8;Єсаулівська селищна рада Антрацитівського району;Єсаулівська селищна рада Антрацитівського району;"рішення виконкому Луганської обласної ради від 04.02.1969 № 72 (в.ч.); рішення виконкому  Ворошиловградської обласної ради від 01.08.1972  № 251 (в.ч.) рішення виконкому Ворошиловградської обласної ради від 12.07.1980 № 300 (в.ч.) рішення виконкому Ворошиловградської обласної ради від 28.06.1984 № 247";;;
11;Самсонівська заводь;заказник ;ландшафтний;505.8888;Лизинська с/р;"Лизинська с/р, ТОВ ""Весна"",  ДП ""Білокуракинське ЛМГ""";Рішення  Луганської обласної ради від 24.02.1995 №5/9;;;
12;Краснянське водосховище;заказник ;ландшафтний;1323;"Великологівська с/р в 1 км на південь  від с. Великий  Лог на території Краснодонського лісництва ДП ""Свердловське ЛМГ""";"Великологівська селищна рада, Новоолександрівська с/р Краснодонського р-ну ДП ""Свердловське ЛМГ"", Луганська о/о УТМР  ТОВ ""Краснодон Агро"" ";Рішення Луганської облради народних депутатів   від 24.02.1995 №5/9 Рішення Луганської обласної ради від 25.02.2011 № 3/42;;;
13;Міус;заказник ;ландшафтний;180;"Перевальський район, землі Чорнухинського лісництва ДП ""Іванівське ЛМГ""";"ДП ""Іванівське ЛМГ"" ";рішення Луганської обласної ради від 18.05.1995 № 6/8;;;
14;Молодогвардійський;заказник ;ландшафтний;8;м. Ровеньки Ровеньківське лісництво;"ДП ""Свердловське ЛМГ"""; рішення виконкому Ворошиловградської обласної ради від 01.08.1972 № 251 (в.ч.) рішення виконкому Ворошиловградської облас-ної ради від 28.06.1984 № 247;;;
15;Шарів кут;заказник ;ландшафтний;732;Станично-Луганський район, на схід від с.Сизоє ;"ДП""Станично-Луганське ДЛМГ""";Рішення Луганської обласної ради від 04.09.1998 № 3/18;;;
16;Першозванівський;заказник ;ландшафтний;425.48;Лутугинський район Першозванівська сільська рада;"Першозванівська сільська рада ДП ""Іванівське ЛМГ"",  Луганська ООУТМР   ";Рішення Луганської обласної ради від 30.12.2010 № 2/21;;;
17;Міусинське узгір'я;заказник ;ландшафтний;188.4;Міусинська м/р  Луганської області;Міусинська м/р;Рішення Луганської обласної ради від 31.08.2011 № 6/35;;;
18;Міусинський;заказник ;ландшафтний;108.5;Міусинська м/р  Луганської області;Міусинська м/р Антрацитівська р/о УТМР;Рішення Луганської обласної ради від 31.08.2011 № 6/36;;;
19;Міус-фронт;заказник ;ландшафтний;208;Вахрушевська м/р Луганської області;"Вахрушевська м/р ДП ""Іванівське ЛМГ"" Антрацитівська р/о УТМР";Рішення Луганської обласної ради від 31.08.2011 № 6/37;;;
20;Вишневий;заказник ;ландшафтний;312;Антрацитівський р-н, Бобриківська с/р на південь від с. Михайлівка;"ДП ""Свердловське ЛМГ"" Бобриківська с/р      ";Рішення Луганської обласної ради від 24.02.2012 №  10/55;;;
21;Степові розлоги ;заказник ;ландшафтний;225.5;Антрацитівський район, Краснолуцька с/р, на схід від с. Лісне;"Краснолуцька с/р  Антрацитівська р/о УТМР   ДП ""Іванівське ЛМГ""   ";Рішення Луганської обласної ради від 24.02.2012 № 10/54;;;
22;Нижній суходіл;заказник ;ландшафтний;141.2;Чабанівська с/р Новоайдарського району;"Чабанівська с/р ДП ""Новоайдарське ЛМГ""   Луганська ООУТМР                                               ";Рішення Луганської обласної ради від 24.02.2012 № 10/57;;;
23;Кам'янський;заказник ;ландшафтний;515.4626;Кам'янська с/р Новопсковського р-ну;"Кам'янська с/р ДП ""Старобільське ЛМГ""                                ";Рішення Луганської обласної ради від 24.02.2012 № 10/63;;;
24;Донцівський;заказник ;ландшафтний;298.4955;Донцівська с/р Новопсковського р-ну;"Донцівська с/р ДП ""Старобільське ЛМГ""                                                 ";Рішення Луганської обласної ради від 24.02.2012 № 10/61;;;
25;Княгинівський;заказник ;ландшафтний;20;Краснолуцька міськрада Луганської обл.;Краснолуцька міськрада;Рішення Луганської обласної ради від 28.02.2013 № 17/36;;;
26;Кружилівський;заказник ;ландшафтний;102.9656;Пархоменківська с/р Краснодонського р-ну;Пархоменківська с/р ;Рішення Луганської обласної ради від 28.02.2013 № 17/39;;;
27;Штормівський;заказник ;ландшафтний;219.3023;Штормівська с/р Новоайдарського р-ну;Штормівська с/р;Рішення Луганської обласної ради від 30.04.2013 № 18/29;;;
28;Врубівський;заказник ;ландшафтний;142.96;Врубівська с/р, Попаснянський р-н;Врубівська с/р;Рішення Луганської обласної ради від 28.02.2013 № 17/31;;;
29;Новозванівський;заказник ;ландшафтний;209.8;Троїцька с/р, Попаснянський р-н;Троїцька с/р;Рішення Луганської обласної ради від 28.02.2013 № 17/30;;;
30;Борсуча балка;заказник ;ландшафтний;134.6715;Троїцька с/р, Попаснянський р-н;Троїцька с/р;Рішення Луганської обласної ради від 28.02.2013 № 17/35;;;
31;Гримучий ліс;заказник ;ландшафтний;47;Ровеньківська міськрада Луганської області;Ровеньківська міськрада;Рішення Луганської обласної ради від 30.04.2013 № 18/32;;;
32;Нагольний кряж;заказник ;ландшафтний;598;Матвіївська с/р, Свердловського р-ну;Матвіївська с/р;Рішення Луганської обласної ради від 28.02.2013 № 17/33;;;
33;Балакирівський;заказник ;ландшафтний;204.0388;Лиманська с/р Старобільського р-ну;Лиманська с/р;Рішення Луганської обласної ради від 28.02.2013 № 17/40;;;
34;Новоганнівський;заказник ;ландшафтний;240.7027;Новоганнівська с/р, Краснодонський район;"ДП ""Луганське ЛМГ""";"рішення Луганської ообласної ради 
від 18.04.2014 № 24/27
";;;
35;Урочище Скелевате;заказник ;ландшафтний;204.8322;Давидо-Микільська с/р, Краснодонський район;"ДП ""Луганське ЛМГ""";"рішення Луганської ообласної ради 
від 18.04.2014 № 24/26
";;;
36;Долина р. Юськиної;заказник ;ландшафтний;275.4306;Рафайлівська с/р,  Антрацитівський район, ;"ДП ""Свердловське ЛМГ"", Антрацитівська р/р УТМР    ";"рішення Луганської ообласної ради 
від 18.04.2014 № 24/28
";;;
37;Долина р. Оріхової;заказник ;ландшафтний;128.0365;Рафайлівська с/р , Антрацитівський район, ;"ДП ""Свердловське ЛМГ"",   Антрацитівська р/р УТМР      ";"рішення Луганської ообласної ради 
від 18.04.2014 № 24/29
";;;
;Разом заказників ландшафтних;29;;8321.4671;;;;;;
25; „Березовий гай”;заказник ;загально-зоологічний;1500;на північний схід від с. Новолимарівка;Новолимарівська с/р Біловодського району, Луганська обласна організація УТМР, Біловодська районна організація УТМР;Рішення Луганської обласної ради від 15.12.1998 № 4/19;;;
26;Кононівський;заказник ;загально-зоологічний;1500;на північний схід від с. Кононівка;Кононівська с/р Біловодського району, Луганська обласна організація УТМР, Біловодська районна організація УТМР;Рішення Луганської обласної ради від 15.12.1998 № 4/19;;;                  
27;Євсуг-Степове;заказник ;загально-зоологічний;5000;с.Евсуг, с. Степове, с. Копані;Євсузька с/р Біловодського району, Луганська обласна організація УТМР, Біловодська районна організація УТМР;Рішення Луганської обласної ради від 15.12.1998 № 4/19;;;
28;Лісова перлина;заказник ;загально-зоологічний;3174;"ДП "" Білокуракинське ЛМГ"" (кв. 1-8, 10, 12), на північ від  села Лозно-Олександрівка";"ДП "" Білокуракинське ЛМГ"" Лозно-Олександрівська с/р  Білокуракинського району";Рішення Луганської облради №3/18 від 04.09.1998р.;;;
29;Суходільський;заказник ;загально-зоологічний;483.8;"ДП ""Свердловське ЛМГ"" ";"ДП ""Свердловське ЛМГ"" Луганска обласна організація УТМР";рішення Луганської обласної ради від 03.12.2009  № 32/23;;;
30;Іллірійський;заказник ;загально-зоологічний;3074.5754;Ілірійська сільська рада між  с. Іллірія, с. Західне та с. Ясне  ;"Ілірійська с/ р Лутугинського району ДП""Іванівське ЛМГ"",  Луганска обласна організація УТМР";"рішення Луганської обласної ради від 15.12.1998 № 4/19; рішення Луганської обласної ради від 21.08.2003 № 9/12 Рішення Луганської обласної ради від 31.08.2011 № 6/43 Рішення Луганської обласної ради від 28.02.2013 № 17/42 ";;;
31;Гераськівський;заказник ;загально-зоологічний;5346;між  смт. Марківка с. Рудівка;"Марківська селищна рада, Гераськівська с/р Марківського району, ДП ""Біловодське ЛМГ"" Луганська обласна організація УТМР ";"рішення Луганської обласної ради від 15.12.1998 № 4/19; ";;;
32;Балка Березова;заказник ;загально-зоологічний;797.3;на південь від с. Журавське на схід;Мусіївська с/р, Стрільцівська с/р,  Новострільцівська с/р Міловського району Міловська р/о УТМР;"рішення Луганської обласної ради від 15.12.1998 № 4/19; ";;;
33;Перевальський;заказник ;загально-зоологічний;2848.35;Перевальський район, між с.Малоіванівка, Городище, Центральний, Байрачки ;Перевальська ммр ТМР Малоіванівська с/р, Городищенська с/р Центральна с/ р, Перевальського району;рішення Луганської обласної ради від 31.08.2000 № 13/12 рішення Луганської обласної ради від 03.09.2010 №37/34;;;
34;Терни;заказник ;загально-зоологічний;730;Сватівський район, на північ від м.Сватове, на схід від с. Соснове;"ДП ""Сватівське ЛМГ"", Гончарівська с/р  Сватівського району, Сватівська обласна психоневрологічна лікарня";рішення Луганської обласної ради від 19.11.1997 № 18/12;;;
35;Мілуватський лиман;заказник ;загально-зоологічний;111;Сватівський район, с.Мілуватка;"ДП ""Сватівське ЛМГ""  Мілуватська с/р Сватівського району";рішення Луганської обласної ради від 18.05.1995 № 6/8;;;
36;Містківський;заказник ;загально-зоологічний;3880;Сватівський район між населеними пунктами Містки, Рудівка, Петровське;"Рудівська с/р,  Сватівського району, ДП ""Сватівське ЛМГ"" ";Рішення Луганської обласної ради від 19.11.1997 № 18/12;;;
37;Сватівський;заказник ;загально-зоологічний;3316;Сватівський район, на північний захід м.Сватове;"Сватівська міська рада, Коломийчиська с/р Куземівська с/р Сватівського району ДП""Сватівське ЛМГ"" ";Рішення Луганської обласної ради від 04.09.1998 № 3/18;;;
38;Альошкін бугор;заказник ;загально-зоологічний;312;Луганська область, Свердловський район, між населеними пунктами Свердловськ, Володарськ, Комсомольський;"ДП""Свердловське ЛМГ"" Луганська обласна організація УТМР";Рішення Луганської обласної ради від 29.05.2010 № 36/37;;;
39;Урочище Мурзине;заказник ;загально-зоологічний;162.2;"Луганська область, Свердловський район поблизу селища Комсомольське ДП ""Свердловське ЛМГ""";"ДП""Свердловське ЛМГ"" Луганська обласна організація УТМР";Рішення Луганської обласної ради від 03.09.2010 № 37/35;;;
40;Острів;заказник ;загально-зоологічний;1.2;"Станично-Луганський район, на р. Сіверський Лонець у створі просік кв. 9 та 12 відділення ""Станично-Луганське"" Луганського природного заповідника";"ДП""Станично-Луганське ДЛМГ"" Луганський природний заповідник";рішення виконкому Ворошиловградської обласної  ради від 09.12.1982 № 532 (в.ч.) рішення виконкому Ворошиловградської обласної ради від 28.06.1984 № 247;;;
41;Кондрашевський;заказник ;загально-зоологічний;2205;Станично-Луганський район, лівий берег р. Сіверський Донець на північний захід від селища  Станиця Луганська;"ДП""Станично-Луганське ДЛМГ""";Рішення Луганської обласної ради від 19.11.1997;;;
;Разом заказників загально-зоологічних;17;;34441.4254;;;;;;
42;Нагольчанський;заказник;ботанічний;795;Нижньонагольчицька селищна рада Антрацитівський  р-н;Нижньонагольчицька селищна рада Антрацитівська р/о УТМР ;Рішення Луганської обласної ради від 31.08.2011 № 6/38;;;
43;Стінки ліскові;заказник;ботанічний;64;"ДП ""Біловодське ЛМГ"" ";"ДП ""Біловодське ЛМГ"" ";рішення виконкому Ворошиловградської обласної ;;;
44;Серебрянський;заказник;ботанічний;107.1;"Серебрянське лісництво ДП ""Кремінське ЛМГ""";"ДП""Кремінське ЛМГ""  ";рішення Луганської обласної ради від 25.12.2001 № 20/20;;;
45;Лісне;заказник;ботанічний;271;між с.Круглик та Лісне вздовж р. Ольховка;"ДП ""Іванівське ЛМГ"" Волнухинська с/р Лутугинського району";Рішення Луганської обласної ради від 17.04.2009 № 28/38;;;
46;Волнухинський;заказник;ботанічний;355;Лутугинський район Волнухинська сільська рада;Волнухинська с/р Луганська обласна організація УТМР;Рішення Луганської обласної ради від 30.12.2010 № 2/24;;;
47;Білоріченський ;заказник;ботанічний;693;Лутугинський район поблизу Білоріченська селищна рада;"Білоріченська селищна рада  ДП ""Іванівське ЛМГ"", Луганська ООУТМР   ";Рішення Луганської обласної ради від 30.12.2010 № 2/25;;;
48;Крейдяні відслонення;заказник;ботанічний;30;неподалік від с. Стрільцівка на правому корінному березі р.Комишної;Стрільцівська с/р  Міловського району Міловська районна організація УТМР ;Рішення виконкому Луганської обласної ради від 24.03.1992 № 92;;;
49;Великоцький;заказник;ботанічний;252.6683;Міловський район Великоцька сільська рада;"Великоцька с/р ДП ""Біловодське ЛМГ""  Міловська р/о УТМР                                ";Рішення Луганської обласної ради від 25.02.2011 № 3/41;;;
50;Урочище Колядовка;заказник;ботанічний;83.7206;Міловський район Микільська  сільська рада;"Микільська с/р ДП ""Біловодське ЛМГ"" Міловська р/о УТМР                                   ";Рішення Луганської обласної ради від 25.02.2011 № 3/43;;;
51;Урочище Розсохувате;заказник;ботанічний;180.5;Міловський район Микільська  сільська рада;"Микільська с/р, ДП ""Біловодське ЛМГ""  Міловська р/о УТМР                                 ";Рішення Луганської обласної ради від 25.02.2011 № 3/42;;;
52;Крейдяні скелі;заказник;ботанічний;97.1884;Закотнянська с/р Новопсковського р-ну;"ДП ""Старобільське ЛМГ"", Закотнянська с/р Новопсковського району   ";Рішення Луганської обласної ради від 25.09.2008 № 24/20;;;
53;Гончарівський;заказник;ботанічний;389;Сватівський район, Преображенська с/р,  Оборотнівська с/р, Гончарівська с/р;"Преображенська с/р, Оборотнівська с/р, Гончарівська с/р Сватівського району ДП ""Сватівське ЛМГ"" ";рішення Луганської обласної ради від 18.05.1995 № 6/8;;;
54;Курячий;заказник;ботанічний;137;"Свердловський район, ДП""Свердловське ЛМГ""";"ДП""Свердловське ЛМГ""";Рішення виконкому Ворошиловградської обласної   ради від 13.09.1977 № 370 (в.ч.) рішення виконкому Ворошиловградської обласної  ради від 28.06.1984 № 247;;;
55;Медвежанський;заказник;ботанічний;36;"Свердловський район, ДП""Свердловське ЛМГ""";"ДП""Свердловське ЛМГ""";Рішення виконкому Ворошиловградської обласної  ради від 13.09.1977 № 370 (в.ч.)рішення виконкому Ворошиловградської обласної ради від 28.06.1984 № 247;;;
56;Камишнянский;заказник;ботанічний;95;Станично-Луганський район с. Камишне;"Камишнянська с/р Станично-Луганського р-ну ДП""Станично-Луганське ДЛМГ"" Ст.Луганска р/о УТМР ";Рішення виконкому Ворошиловградської обласної   ради від 13.09.1977 № 370 (в.ч.) рішення виконкому Ворошиловградської обласної  ради від 28.06.1984 № 247;;;
57;Піщаний;заказник;ботанічний;120;"Станично-Луганський район, ДП""Станично-Луганське ДЛМГ""";"ДП""Станично-Луганське ДЛМГ""";Рішення виконкому Ворошиловградської обласної   ради від 13.09.1977 № 370 (в.ч.) рішення виконкому Ворошиловградської обласної  ради від 28.06.1984 № 247;;;
58;Кошарський;заказник;ботанічний;215;Антрацитівський  р-н, Кошарська с/р на південний схід від с. Михайлівка;"Луганська О/О УТМР Кошарська с/р  ДП ""Свердловське ЛМГ""    ";Рішення Луганської обласної ради від 24.02.2012 № 10/56;;;
59;Новорозсошанський;заказник;ботанічний;135.3576;Новорозсошанська с/р Новопсковського р-ну;"Новорозсошанська с/р    ДП ""Старобільське ЛМГ""                           ";Рішення Луганської обласної ради від 24.02.2012 № 10/62;;;
60;Кленовий ліс;заказник;ботанічний;308.8937;Нещеретівська с/р Білокураківського р-ну;Нещеретівська с/р;Рішення Луганської обласної ради від 30.04.2014 № 18/30;;;
61;"Урочище ""Верхнє""";заказник;ботанічний;62.3164;Микільська с/р Міловського р-ну;Микільська с/р;Рішення Луганської обласної ради від 30.04.2014 № 18/31;;;
;Разом заказників ботанічних;20;;4427.745;;;;;;
60;Роздольнянські ставки;заказник ;ентомологічний;67.2;с. Просторне;Просторівська с/р, Білокуракинський р-он гр. Міщеряков М.Л. ;Рішення виконкому Луганської обласної ради від 24.03.1992 № 92 Рішення Луганської обласної ради від 28.02.2013 № 17/37 ;;;
61; Рідкодуб;заказник ;ентомологічний;8.6;Попаснянський район, 1.7 км на північ від с.Орєхово;"ДП ""Сєверодонецьке ЛМГ"" Голубівська с/р  Попаснянського району";рішення виконкому Ворошиловградської обласної ної ради від 09.12.1982 № 532 (в.ч.) рішення виконкому Ворошиловградської обласної  ради від 28.06.1984 № 247;;;
62;Кримський;заказник ;ентомологічний;10;"Слов""яносербський район, 5 км на південний схід від  с.Кримське";Кримська с/р ;рішення виконкому Ворошиловградської обласної  ради від 09.12.1982 № 532 (в.ч.) рішення виконкому Ворошиловградської обласної  ради від 28.06.1984 № 247;;;
63;Червоноярівський;заказник ;ентомологічний;4;"Слов""яносербський район, 1,5 км на північний захід від с.Красний Яр";"ДП ""Луганське ЛМГ""";рішення виконкому Ворошиловградської обласної ради від 09.12.1982 № 532 (в.ч.) рішення виконкому Ворошиловградської обласної  ради від 28.06.1984 № 247 Рішення Луганської обласної ради від 31.08.2011 № 6/39;;;
;Разом заказників ентомологічних;4;;89.8;;;;;;
64;Кремінські каптажі;закзник; гідрологічний;3900;"Кремінський район на південно-західній  околиці   м. Кремінна у балці  Піщаний Єрик (басейн р. Червона) землі ДП ""Кремінське ЛМГ""";"ДП ""Кремінське ЛМГ"", МПП ""Стімул"" ФГ ""Стімул777"", ФГ ""Ірина"",  ДСП ""Норка"" Укравтодор у Луганській обл, Кремінське  ВУВКГ, Кремінська ЗОШІ , Кремінський з-д  ""Хімавтоматика"", Луганські МЄМ НЕК  Укренерго";рішення Луганської обласної ради від 17.03.1994;;;
65;Кримська дача;закзник; гідрологічний;393;Капітанівське лісництво ДП “Новоайдарське лісомисливське господарство” лівобережній  заплаві р Сіверський   Донець (в 2-х  км на південь від с. Муратове та  3-х  км на  захід від с. Кряківка)  ;"ДП ""Новоайдарське ЛМГ"" Муратівська с/р Новоайдарського району Трьохізбенська с/р Слов""яносербського району";Рішення Луганської обласної ради від 08.09.2006 № 5/19;;;
;Разом заказників гідрологічних;2;;4293;;;;;;
66;Білолуцький;заказник ;лісовий;450;"ДП ""Старобільське ЛМГ"" Білолуцьке лісництво, урочища :Церковний ліс, Бихалово, Попів ліс, Велике, Ведмеже, Васильківське, Скородне";"ДП ""Старобільське ЛМГ""";Рішення Луганської обласної ради від 24.03.1992 № 92;;;
67;Новопсковський;заказник ;лісовий;1186;Новопсковське лісництво урочища: Огидне 1,Південне Плоске, Брянський ліс, Плоскенький ліс,  Попове Гончарівський ліс, Бабунчики, Мала Тавежна стінка, Велика Тавежна стінка, Тавежний ліс,  Довге, Попів ліс, Сосна  Заайдарівка;"ДП ""Старобільське ЛМГ""";Рішення Луганської обласної ради від 24.03.1992 № 92;;;
68;Айдарська тераса;заказник ;лісовий;92;"ДП ""Новоайдарське ЛМГ""";"ДП ""Новоайдарське ЛМГ""";рішення виконкому Ворошиловградської обласної  ради від 12.07.1980 № 300 (в.ч.) рішення виконкому Ворошиловградської обласної ради від 28.06.1984 № 247;;;
69;Білогорівський;заказник ;лісовий;344;"Попаснянський район, ДП ""Сєвєродонецьке ЛМГ""";"ДП ""Сєверодонецьке ЛМГ""";рішення Луганської обласної ради від 23.12.2005 №22/14;;;
70;Золотарівський;заказник ;лісовий;59;"Попаснянський район, ДП ""Сєвєродонецьке ЛМГ""";"ДП ""Сєверодонецьке ЛМГ""";рішення Луганської обласної ради від 23.12.2005 №22/14;;;
71;Пригодівський;заказник ;лісовий;69.8;"ДП ""Старобільське ЛМГ"" Старобільське лісництво кв. 39 у адміністративних межах Садківської сільської ради";"ДП ""Старобільське ЛМГ""";рішення Луганської обласної ради від 30.08.2007 № 15/15;;;
72;Передільський;заказник ;лісовий;126.5;"Станично-Луганський район, Передільська сільська рада ДП""Станично-Луганське ДЛМГ""";"ДП""Новоайдарське ЛМГ"" Луганська обласна організація УТМР           ";Рішення Луганської обласної ради від 25.02.2011 № 3/40;;;
73;Луганський;заказник ;лісовий;1340.2663;м. Луганськ;"ДП ""Луганське ЛМГ""                                               ";Рішення Луганської обласної ради від 24.02.2012 № 10/58;;;
74;Веселогірський;заказник ;лісовий;94.67;Веселогірська с/р Слов'яносербського р-ну;"ДП ""Луганське ЛМГ""  Веселогірська с/р                                                 ";Рішення Луганської обласної ради від 24.02.2012 № 10/59;;;
75;Глухий бір;заказник ;лісовий;92;Краснолуцька с/р Антрацитівського р-ну;Краснолуцька с/р;Рішення Луганської обласної ради від 28.02.2014 № 17/34;;;
76;Мінаєвська діброва;заказник ;лісовий;359.3188;Новоайдарська селищна рада Новоайдарського р-ну;Новоайдарська селищна рада ;Рішення Луганської обласної ради від 28.02.2014 № 17/38;;;
77;Горіхівська діброва;заказник ;лісовий;351.7;Голубівська с/р Попаснянського р-ну;Голубівська с/р;Рішення Луганської обласної ради від 28.02.2014 № 17/32;;;
;Разом заказників лісових;12;;4565.2551;;;;;;
75;Зориновський;заказник ;орнітологічний;20;в 0,9 км на південний схід від станції Зориновка;Морозівська с/р  Міловського району Міловська районна організація УТМР ;рішення виконкому Ворошиловградської обласної  ради від 12.07.1980 № 300 (в.ч.) рішення виконкому Ворошиловградської обласної ради від 28.06.1984 № 247;;;
;Разом заказників орнітологічних;1;;20;;;;;;
76;Айдарський;заказник; іхтіологічний;192; ділянка р. Айдар від границі зі Старобільським районом до північної околиці с. Риб’янцево  Риб’янцівська  Закотненська,  Пісківська сільради;ДП «Старобільське ЛМГ» Пісківська сільрада Закотнянська сільрада, Риб’янцівська сільрада Новопсковського району;Рішення Луганської обласної ради від 30.05.2002   № 2/53;;;
77;Донецький;заказник; іхтіологічний;247;"Станично-Луганський район, Слов""яносербський район, 7 км течії р. Сіверський Донець та 1.5 км нижньої течії р. Євсуг";"ДП""Станично-Луганське ДЛМГ"" ДП""Луганське ЛМГ"" Петрівська с/ р, Нижньотеплівська с/р  Веселогірська с/р Слов""яносербського р-ну";рішення Луганської обласної ради від 18.05.1995 № 6/8;;;
78;Деркульський ;заказник; іхтіологічний;343.08;"Станично-Луганський район, ДП""Станично-Луганське ДЛМГ"" Валуйська с/р, Камишнянська с/р ";"ДП""Станично-Луганське ДЛМГ"" Валуйська с/р, Камишнянська с/р  Станично-Луганського району";Рішеня виконкому Луганської обласної ради від 24.03.1992 № 92;;;
79;Айдарський;заказник; іхтіологічний;158.4;Старобільський район, від с.Лиман до межі Новопсковського району;"Лиманська с/р Старобільського району ДП ""Старобільське ЛМГ"", Старобільський  психоневрологічний диспансер";рішення Луганської обласної ради від 15.12.1998 № 4/19;;;
;Разом заказників іхтіологічних;4;;940.48;;;;;;
;Всього заказників місцевого значення;89;;57099.1726;;;;;;
80;Чеховська криниця;"пам""ятка природи ";гідрологічна;1;Антрацитівське лісництво  кв.16 південна околиця с. Садове схил балки Рагожина басейн р. Крепенька;"ДП""Іванівське ЛМГ""";рішення виконкому Ворошиловградської обласної  ради від 28.06.1984 № 247;;;
81;Водяна криниця;"пам""ятка природи ";гідрологічна;1;"ДП ""Біловодське ЛМГ"" Біловодський район ";"ДП ""Біловодське ЛМГ""";рішення виконкому Ворошиловградської обласної  ради від 13.09.1977 № 370 (в.ч.) рішення виконкому Ворошиловградської обласної   ради від 28.06.1984 № 247;;;
82;Климівське джерело;"пам""ятка природи ";гідрологічна;0.1;Кремінський район північно-західна околиця с.Климівка Голубівської с/р;Голубівська с/р   Кремінського р-ну;"Рішення виконкому Ворошиловградської обласної  ради від 07.12.1971 № 402; (в.ч.)  рішення виконкому Ворошиловградської обласної ради від 01.08.1972 № 251 (в.ч.) рішення виконкому Ворошиловградської обласної   ради від 28.06.1984 № 247";;;
83;Новонікольське джерело;"пам""ятка природи ";гідрологічна;0.1;с. Новонікольське (північно-західна   околиця). Правий берег р. Камишна, басейн р. Деркул Міловський район;Стрільцівська с/р Міловського району;"Рішення виконкому Ворошиловградської обласної   ради від 07.12.1971 № 402; (в.ч.)  рішення виконкому Ворошиловградської обласної ради від 01.08.1972 № 251 (в.ч.) рішення виконкому Ворошиловградської обласної  ради від 28.06.1984 № 247";;;
84;Криштальна;"пам""ятка природи ";гідрологічна;0.1;250 м на північний захід від околиці  села Стрільцівка. Схил балки.  Правий берег р. Камишна Міловський район;Стрільцівська с/р Міловського району;Рішення Луганської обласної ради від 29.09.1999 № 8/7;;;
85;Калмичанка;"пам""ятка природи ";гідрологічна;0.1;Міловський район  с. Калмиківка, 100 м на схід від автодороги  Діброва-Мусіївка ;Стрільцівська с/р Міловського району;Рішення Луганської обласної ради від 29.09.1999 № 8/7;;;
86;Золотівське джерело;"пам""ятка природи ";гідрологічна;0.1;м. Первомайськ, південна  околиця м. Золоте;Золотівська міська рада  міста Первомайськ;"Рішення виконкому Ворошиловградської обласної  ради від 07.12.1971 № 402; (в.ч.)  рішення виконкому Ворошиловградської обласної ради від 01.08.1972 № 251 (в.ч.) рішення виконкому Ворошиловградської обласної  ради від 28.06.1984 № 247";;;
87;Горіхівське джерело;"пам""ятка природи ";гідрологічна;0.1;Попаснянський район, 1 км на  захід-південно-захід с. Орєхово;"ДП ""Сєверодонецьке ЛМГ""";"Рішення виконкому Ворошиловградської обласної  ради від 07.12.1971 № 402; (в.ч.) рішення виконкому Ворошиловградської обласної ради від 28.06.1984 № 247";;;
88;Рай-Олександрівське джерело;"пам""ятка природи ";гідрологічна;0.1;Попаснянський район, 0,6 км  на південь від с.Рай-Олександрівка  (верхів'я балки Берестової);"Мирнодолинська с/р Попаснянського району ДП ""Сєверодонецьке ЛМГ""";"Рішення виконкому Ворошиловградської обласної ради від 07.12.1971 № 402; (в.ч.) рішення виконкому Ворошиловградської обласної  ради від 28.06.1984 № 247";;;
89;Джерело Горське;"пам""ятка природи ";гідрологічна;0.1;м.Первомайськ, м. Горськ ;Голубівська с/р   Попаснянського р-ну;"Рішення виконкому Ворошиловградської обласної ради від 07.12.1971 № 402; (в.ч.) рішення виконкому Ворошиловградської обласної  ради від 28.06.1984 № 247";;;
90;Джерело  Містки;"пам""ятка природи ";гідрологічна;0.1;Сватівський район с.Містки;Містківська сільська рада;"Рішення виконкому Ворошиловградської обласної  ради від 07.12.1971 № 402; (в.ч.)  рішення виконкому Ворошиловградської обласної ради від 01.08.1972 № 251 (в.ч.) рішення виконкому Ворошиловградської обласної ної ради від 28.06.1984 № 247";;;
91;Верхній ствок;"пам""ятка природи ";гідрологічна;5;Сватівський район, с.Петрівка;Петрівська с/р Сватівського р-ну; рішення виконкому Ворошиловградської обласної ради від 01.08.1972 № 251 (в.ч.) рішення виконкому Ворошиловградської обласної  ради від 28.06.1984 № 247;;;
92;Нижній ставок;"пам""ятка природи ";гідрологічна;5;Сватівський район, с.Петрівка;Петрівська с/р Сватівського р-ну; рішення виконкому Ворошиловградської обласної ради від 01.08.1972 № 251 (в.ч.) рішення виконкому Ворошиловградської обласної  ради від 28.06.1984 № 247;;;
93;Джерело Попівське;"пам""ятка природи ";гідрологічна;0.1;Сватівський район, на південний  захід с. Попівка;Ковалівська с/р Сватівського району;"Рішення виконкому Ворошиловградської обласної  ради від 07.12.1971 № 402; (в.ч.)  рішення виконкому Ворошиловградської обласної ради від 01.08.1972 № 251 (в.ч.) рішення виконкому Ворошиловградської обласної  ради від 28.06.1984 № 247";;;
94;Джерело Ковалівське-1;"пам""ятка природи ";гідрологічна;0.1;Савтівський район, с.Ковалівка;Ковалівська с/р Сватівського району;"Рішення виконкому Ворошиловградської обласної  ради від 07.12.1971 № 402; (в.ч.)  рішення виконкому Ворошиловградської обласної ради від 01.08.1972 № 251 (в.ч.) рішення виконкому Ворошиловградської обласної  ради від 28.06.1984 № 247";;;
95;Джерело Ковалівське-2;"пам""ятка природи ";гідрологічна;0.1;Савтівський район, с.Ковалівка;Ковалівська с/р Сватівського району;"Рішення виконкому Ворошиловградської обласної  ради від 07.12.1971 № 402; (в.ч.)  рішення виконкому Ворошиловградської обласної ради від 01.08.1972 № 251 (в.ч.) рішення виконкому Ворошиловградської обласної  ради від 28.06.1984 № 247";;;
96;Велико-Чернігівське;"пам""ятка природи ";гідрологічна;0.1;Станично-Луганський район, північна окраїна с.Велика Чернігівка;Великочернігівська с/р  Станично-Луганського р-ну;"Рішення виконкому Ворошиловградської обласної ради від 07.12.1971 № 402; (в.ч.)  рішення виконкому Ворошиловградської обласної ради від 01.08.1972 № 251 (в.ч.) рішення виконкому Ворошиловградської обласної ради від 28.06.1984 № 247";;;
97;Кибикинська криниця;"пам""ятка природи ";гідрологічна;0.1;південно-західна околиця   селища Станиця Луганська;Станично-Луганська селищна  рада  Станично-Луганського р-ну;рішення виконкому Ворошиловградської обласної  ради від 09.12.1982 № 532 (в.ч.) рішення виконкому Ворошиловградської обласної  ради від 28.06.1984 № 247;;;
98;Лозовське джерело;"пам""ятка природи ";гідрологічна;0.1;Старобільський район 3 км на південний захід  с. Лозовівка;Хворостянівська с/р Старобільського р-ну;"Рішення виконкому Ворошиловградської обласної   ради від 07.12.1971 № 402; (в.ч.)  рішення виконкому Ворошиловградської обласної ради від 01.08.1972 № 251 (в.ч.) рішення виконкому Ворошиловградської обласної  ради від 28.06.1984 № 247";;;
99;Новоборовське джерело;"пам""ятка природи ";гідрологічна;0.1;Старобільський район с.Новоборова;Новоборовська с/р Старобільського р-ну;"Рішення виконкому Ворошиловградської обласної  ради від 07.12.1971 № 402; (в.ч.)  рішення виконкому Ворошиловградської обласної ради від 01.08.1972 № 251 (в.ч.) рішення виконкому Ворошиловградської обласної  ради від 28.06.1984 № 247";;;
100;Шпотинське джерело;"пам""ятка природи ";гідрологічна;0.1;Старобільський район с. Шпотино;Шпотинська с/р Старобільського р-ну;"Рішення виконкому Ворошиловградської обласної ради від 07.12.1971 № 402; (в.ч.)  рішення виконкому Ворошиловградської обласної ради від 01.08.1972 № 251 (в.ч.) рішення виконкому Ворошиловградської обласної  ради від 28.06.1984 № 247";;;
101;Пантелеймонова криниця;"пам""ятка природи ";гідрологічна;0.05;;;"Рішення Луганської обласної ради 
від 04.03.2014 № 23/16
";;;
102;Христине джерело;"пам""ятка природи ";гідрологічна;0.05;;;"Рішення Луганської обласної ради 
від 04.03.2014 № 23/15
";;;
;Разом пам`яток природи гідрологічних;23;;13.8;;;;;;
101;Свинарська балка;пам'ятка природи;комплексна;5;"ДП ""Біловодське ЛМГ"" на захід від с. Городище Біловодський район ";"ДП ""Біловодське ЛМГ""";рішення виконкому Ворошиловградської обласної   ради від 28.06.1984 № 247;;;
102;Зарічна;пам'ятка природи;комплексна;245.7;Біловодський район  с. Новолимарівка;Новолимрівська с/р Луганське обласне УТМР;Рішення Луганської обласної ради від 30.12.2010 № 2/23;;;
103;Чівілкін бугор;пам'ятка природи;комплексна;4.2;Лутугинський район  с.Оріхівка Лутугинський район;Оріхівська с/р                                 ;Рішення Луганської обласної ради від 03.09.2010 № 37/36;;;
104;Ліснополянська;пам'ятка природи;комплексна;285.5216;Марківський район  Ліснополянська сільська рада;Ліснополянська сільська рада;Рішення Луганської обласної ради від 30.12.2010 № 2/20;;;
105;Лотиківська діброва;пам'ятка природи;комплексна;6.5;" селище Лотикове Слов""яносербського району";"Лотиківська селищна рада Слов""яносербського р-ну ";Рішення Луганської обласної ради від 03.12.2009 № 32/22;;;
106;Бутківський терасний парк;пам'ятка природи;комплексна;18.2;"Старобільський район на околиці с. Бутківка, ДП ""Старобільське ЛМГ"",";"ДП ""Старобільське ЛМГ"" Лиманська с/р Старобільського р-ну";Рішення Луганської обласної ради від 17.04.2003 № 7/23;;;
;Разом пам`яток природи комплексних;6;;565.1216;;;;;;
107;Ясенева захисна лісосмуга;"пам""ятка природи"; ботанічна;15.09;на південний схід від с.Крейдяне Біловодський район ;Лимарівський конезавод № 61  Новолимарівська с/р Біловодського району;"Рішення виконкому Ворошиловградської обласної   ради від 07.12.1971 № 402; (в.ч.)  рішення виконкому Ворошиловградської обласної ради від 01.08.1972 № 251 (в.ч.) рішення виконкому Ворошиловградської обласної  ради від 28.06.1984 № 247 Рішення Луганської обласної ради від 31.08.2011 № 6/40";;;
108;Двохсотрічні дуби;"пам""ятка природи"; ботанічна;1;"ДП ""Біловодське ЛМГ"" Біловодський район ";"ДП ""Біловодське ЛМГ"" ";рішення виконкому Ворошиловградської обласної  ради від 13.09.1977 № 370 (в.ч.) рішення виконкому Ворошиловградської обласної  ради від 28.06.1984 № 247;;;
109;Воронець;"пам""ятка природи"; ботанічна;0.5;"ДП ""Біловодське ЛМГ"" Біловодський район ";"ДП ""Біловодське ЛМГ""  ";рішення виконкому Ворошиловградської ;;;
110;Олександропільська;"пам""ятка природи"; ботанічна;40;біля с.Олександропіль Білокуракинський район;Олександропільська с/р  Білокуракинського р-ну;Рішення Луганської облради 8/7 від 29.09.1999р.;;;
111;Велика долина;"пам""ятка природи"; ботанічна;6;"Дем""янівська с/р Білокуракинський район";Дем'янівська с/р  Білокуракинського району;Рішення Луганської облради народних депутатів  від  24.02.1995 № 5/9;;;
112;Еремурусовий схил;"пам""ятка природи"; ботанічна;95.475;Краснодонський район поблизу  с.Липове, Білоскелюватська с/р;Білоскелюватська с/р;рішення Луганської обласної ради від 30.12.2010 № 2/22;;;
113;Балка Плоська;"пам""ятка природи"; ботанічна;291.6;околиці с. Розкішне Лутугинський район;"Розкішненська с/р,  Челюскинська с/р Лутугинського району ДП""Іванівське ЛМГ"", ДП""Луганське ЛМГ"" ";рішення Луганської обласної ради від 21.11.2002 № 5/24;;;
114;Знам'янський яр;"пам""ятка природи"; ботанічна;141.2;південна околиця с. Розкішне Лутугинський район;"ДП""Луганське ЛМГ""  Розкішненська с/р Лутугинського району";рішення Луганської обласної ради від 21.11.2002 № 5/24 рішення Луганської обласної ради від 25.02.2011 № 3/39;;;
115;Співаківська;"пам""ятка природи"; ботанічна;58.74;західна окраїна с. Співаківка правий берег р. Айдар Новоайдарський район;Співаківська с/р, Новоайдарського р-ну;Рішення Луганської обласної ради від 04.09.1998 № 3/18 Рішення Луганської обласної ради від 25.11.2011 № 7/29;;;
116;Новобіла;"пам""ятка природи"; ботанічна;2407.12;Новопсковський район Павленківська та Новобілянська с/ р між селами Новобіла та Литвинове;Павленківська с/ р, Новобілянська с/ р  Козлівська с/р Новопсковського району;"Рішення Луганської обласної ради від 29.09.1999  № 8/7;      Рішення Луганської обласної    ради від 31.08.2000 № 13/12";;;
117;Осинівська ;"пам""ятка природи"; ботанічна;116;"ДП “Старобільське ЛМГ” Білолуцьке лісництво  (кв. 29,  30, 31,32 ); південні околиці села Темяшово";ДП “Старобільське ЛМГ”;Рішення Луганської обласної ради від 30.05.2002   № 2/53;;;
118;Дубовий гай;"пам""ятка природи"; ботанічна;10;м.Золоте м. Первомайськ;Золотівська міська рада  міста Первомайськ;"Рішення виконкому Ворошиловградської обласної  ради від 07.12.1971 № 402; (в.ч.)  рішення виконкому Ворошиловградської обласної ради від 01.08.1972 № 251 (в.ч.) рішення виконкому Ворошиловградської обласної ради від 12.07.1980 № 300 (в.ч.) рішення виконкому Ворошиловградської обласної  ради від 28.06.1984 № 247";;;
119;Віковий дуб - 2;"пам""ятка природи"; ботанічна;0.01;м. Первомайськ м. Золоте,  середня школа №19;Золотівська міська рада  міста Первомайськ;"Рішення виконкому Ворошиловградської обласної  ради від 07.12.1971 № 402; (в.ч.) рішення виконкому Ворошиловградської обласної ради від 28.06.1984 № 247";;;
120;Селезнівська балка;"пам""ятка природи"; ботанічна;22.8;м. Перевальськ;Перевальська міська рада Перевальського р-ну;рішення виконкому Ворошиловградської обласної ної ради від 28.06.1984 № 247;;;
121;ім. Бориса Гринченка;"пам""ятка природи"; ботанічна;0.2;Перевальський район, с.Михайлівка;Михайлівська селищна рада Перевальського р-ну;рішення Луганської обласної ради від 31.08.2000 № 13/12;;;
122;Вікова липа;"пам""ятка природи"; ботанічна;0.01;м.Ровеньки у міської лікарні;Ровеньківська ЦМЛ м. Ровеньки; рішення виконкому Ворошиловградської обласної ради від 01.08.1972 № 251 (в.ч.) рішення виконкому Ворошиловградської обласної ради від 28.06.1984 № 247;;;
123;Віковий дуб;"пам""ятка природи"; ботанічна;0.01;м. Ровеньки, територія парка  ім. Героїв Великої Вітчизняної  війни;"КП ""Міський парк культури та  відпочинку ім героїв ВВв"" м.Ровеньки "; рішення виконкому Ворошиловградської обласної ради від 01.08.1972 № 251 (в.ч.) рішення виконкому Ворошиловградської обласної  ради від 28.06.1984 № 247;;;
124;Кармазинівська;"пам""ятка природи"; ботанічна;48.36;Сватівський район біля с. Кармазинівка;Ковалівська с/р Сватівського району;Рішення Луганської обласної ради від 14.12.2000 № 14/10;;;
125;Надія;"пам""ятка природи"; ботанічна;118.56;Сватівський район біля с.Райгородка;Райгородська с/р Сватівського району;Рішення Луганської обласної ради від 14.12.2000 № 14/10;;;
126;Провальський дуб;"пам""ятка природи"; ботанічна;0.01;Свердловський район с.Черемшино;Провальська с/р Свердловського району;Рішення виконкому Ворошиловградської обласної   ради від 13.09.1977 № 370 (в.ч.) рішення виконкому Ворошиловградської обласної  ради від 28.06.1984 № 247;;;
127;Гришино;"пам""ятка природи"; ботанічна;460;Станично-Луганський район, між селами Чугинка, Золотарівка, Красний Деркул;"Чугинська с/р  Станично-Луганського р-ну ДП""Станично-Луганське ДЛМГ"" Станично-Луганська районна організація УТМР  ";Рішення Луганської обласної ради від 15.12.1998 № 4/19;;;
128;Ганнівський ліс;"пам""ятка природи"; ботанічна;450;Червонопрапорська с/р Перевальського р-ну;"ДП ""Луганське ЛМГ"" Червонопрапорська с/р                                                    ";Рішення Луганської обласної ради від 24.02.2012 № 10/53;;;
129;Новочервоненська;"пам""ятка природи"; ботанічна;194.3459;Новочервоненська с/р Троїцького району;"Новочервоненська с/р  ДП ""Білокуракинське ЛМГ""              ";Рішення Луганської обласної ради від 24.02.2012 № 10/60;;;
130;Красна;пам'ятка природи; ботанічна;118.768;Новоганнівська с/р Краснодонського р-ну;Новоганнівська с/р;Рішення Луганської обласної ради від 28.02.2013 № 17/41;;;
;Разом пам`яток природи ботанічних;24;;4595.7989;;;;;;
130;Кисилівські оголення;"пам""ятка природи ";геологічна;5;Олексіївська сільська рада північна околиця с. Киселівка західна околиця с. Лубянки Білокуракинський район;Олексіївська сільська рада Білокуракинського району;Рішення виконкому Луганської обласної ради  від 04.02.1969 № 72 (в.ч.) рішення виконкому Ворошиловградської обласної  ради від 28.06.1984 № 247;;;
131;"Мар""їн стрімчак";"пам""ятка природи ";геологічна;4;м. Брянка в районі сел. Старої  Замківки   близько  8 км на північний захід  від залізничної станції  Орловська;Брянківська міська рада;Рішення Луганської облради №7/23 від 17.04.2003р.;;;
132;Менчікуровський розріз ;"пам""ятка природи ";геологічна;3;Георгіївська селищна рада  Лутугинський район;Георгіївська селищна рада Лутугинського району;Рішення виконкому Ворошиловградської обласної ради від 09.12.1982 (в.ч.) рішення виконкому Ворошиловградської обласної  ради від 28.06.1984 № 247;;;
133;"Балка ""Довга""";"пам""ятка природи ";геологічна;5;на східній околиці  с. Іллірія, охоплює  серединну частину балки Безіменної,  що впадає в р.Ольховку Лутугинський район;Іллірійська сільська рада Лутугинського району;"Рішення виконкому Ворошиловградської обласної  ради від 07.12.1971 № 402;(в.ч.) рішення виконкому Ворошиловградської обласної ради від 28.06.1984 № 247";;;
134;"Балка ""Безіменна""";"пам""ятка природи ";геологічна;5;с. Іллірія, на східній околиці  с. Іллірія Охоплює серединну частину балки  Безіменної, що впадає в р.Ольховку Лутугинський район;Іллірійська сільська рада Лутугинського району;"Рішення виконкому Ворошиловградської обласної   ради від 07.12.1971 № 402; (в.ч.) рішення виконкому Ворошиловградської обласної  ради від 28.06.1984 № 247";;;
135;Балка Кривенький Яр;"пам""ятка природи ";геологічна;6.9;південно-західна околиця смт.Успенка. Ділянка лівого схилу одноіменної балки в 3 км від  її гирла. Балка відкривається  в долину р. Ольховка;"Іллірійська сільська рада Лутугинського району ДП""Іванівське ЛМГ""";"Рішення виконкому Ворошиловградської обласної  ної ради від 07.12.1971 № 402;(в.ч.) рішення виконкому Ворошиловградської обласної  ної ради від 28.06.1984 № 247 Рішення Луганської обласної ради від 31.08.2011 № 6/41";;;
136;Юр'ївська;"пам""ятка природи ";геологічна;4;Юр’ївська селищна рада на північ  від с. Юр’ївка, на лівому  березі р. Білої Лутугинський район;Юр’ївська с/ р Лутугинського району;Рішення виконкому Луганської обласної ради  від 04.02.1969 № 72(в.ч.) рішення виконкому Ворошиловградської обласної   ради від 28.06.1984 № 247;;;
137;Баранячі лоби;"пам""ятка природи ";геологічна;2;с. Айдар - Миколаївка ;Новоайдарська селищна рада Новоайдарського р-ну;рішення виконкому Ворошиловградської  обласної ради від 13.09.1977 № 370 (в.ч.) рішення виконкому Ворошиловградської обласної   ради від 28.06.1984 № 247;;;
138;Осинівські піщаники;"пам""ятка природи ";геологічна;5;Новопсковський район на південь від с. Осинівка;Осинівська сільська рада  Новопсковського р-ну;"Рішення виконкому Луганської обласної ради  від 04.02.1969 № 72; (в.ч.) рішення виконкому Ворошиловградської обласної ради від 28.06.1984 № 247";;;
139;Марфина могила;"пам""ятка природи ";геологічна;1;м. Первомайськ,північно-східна окраїна с.Тошківка;Тошківська селищна рада м. Первомайськ;"Рішення виконкому Луганської обласної ради  від 04.02.1969 № 72; (в.ч.) рішення виконкому Ворошиловградської обласної  ради від 28.06.1984 № 247";;;
140;Куземівський яр;"пам""ятка природи ";геологічна;5;Сватівський район, східна  околиця с. Куземівка;Куземівська с/р Сватівського району;"Рішення виконкому Луганської  обласної ради від 04.02.1969 № 72; (в.ч.) рішення виконкому Ворошиловградської обласної  ради від 28.06.1984 № 247";;;
141;Королівські скелі;"пам""ятка природи ";геологічна;5;Свердловський район с.Черемшино;Провальська с/р Свердловського району;Рішення виконкому Ворошиловградської обласної   ради від 13.09.1977 № 370 (в.ч.) рішення виконкому Ворошиловградської обласної  ради від 28.06.1984 № 247;;;
142;"Слов""яносербська";"пам""ятка природи ";геологічна;4;"Слов""яносербський район, Лозівська селищна рада ";"Лозівська селищна рада Слов""яносербського р-ну ";"Рішення виконкому Луганської обласної ради  від 04.02.1969 № 72; (в.ч.) рішення виконкому Ворошиловградської обласної  ради від 28.06.1984 № 247";;;
143;Причепилівська;"пам""ятка природи ";геологічна;4;"Слов""яносербський район, с. Причепилівка";"Кримська с/р Слов""яносербського р-ну ";"Рішення виконкому Луганської обласної ради  від 04.02.1969 № 72; (в.ч.) рішення виконкому Ворошиловградської обласної  ради від 28.06.1984 № 247";;;
;Разом пам`яток природи геологічних;14;;58.9;;;;;;
;Всього пам'яток природи місцевого значення;67;;5233.6205;;;;;;
144;Дерезувате;заповідне урочище;;560;Антрацитівське лісництво;"ДП""Іванівське ЛМГ""";"Рішення виконкому Ворошиловградської обласної   ради від 07.12.1971 № 402; (в.ч.)  рішення виконкому Ворошиловградської обласної ради від 01.08.1972 № 251 (в.ч.) рішення виконкому Ворошиловградської обласної  ради від 12.07.1980 № 300 (в.ч.) рішення виконкому Ворошиловградської обласної  ради від 28.06.1984 № 247";;;
145;Дубовий гай;заповідне урочище;;5;"Комсомольське лісництво ДП ""Кремінське ЛМГ""";"ДП""Кремінське ЛМГ""  ";рішення виконкому Ворошиловградської облас- ради від 12.07.1980 № 300 (в.ч.) рішення виконкому Ворошиловградської обласної   ради від 28.06.1984 № 247;;;
146;Білоусова Садка;заповідне урочище;;7.7;"Серебрянське лісництво урочище  Білоусова садка, ДП ""Кремінське ЛМГ""";"ДП""Кремінське ЛМГ""  ";рішення виконкому Ворошиловградської обласної   ради від 12.07.1980 № 300 (в.ч.) рішення виконкому Ворошиловградської облас- ної ради від 28.06.1984 № 247;;;
147;Ольшаник;заповідне урочище;;15.4;"ДП ""Северодонецьке ЛМГ"" Кремінський район";"ДП ""Северодонецьке ЛМГ""";рішення виконкому Ворошиловградської обласної   ради від 12.07.1980 № 300 (в.ч.) рішення виконкому Ворошиловградської обласної   ради від 28.06.1984 № 247;;;
148;Сіточне;заповідне урочище;;13;"Сіточне лісництво ДП ""Кремінське ЛМГ""";"ДП""Кремінське ЛМГ""  ";рішення виконкому Ворошиловградської обласної  ради від 12.07.1980 № 300 (в.ч.) рішення виконкому Ворошиловградської обласної  ради від 28.06.1984 № 247;;;
149;Горіхове;заповідне урочище;;41;"Гречишкинське лісництво  ДП ""Новоайдарське ЛМГ""";"ДП ""Новоайдарське ЛМГ""";рішення виконкому Ворошиловградської обласної ради від 28.06.1984 № 247;;;
150;Капітанівський ліс;заповідне урочище;;542;"Капітанівське лісництво  ДП ""Новоайдарське ЛМГ""";"ДП ""Новоайдарське ЛМГ""";рішення виконкому Ворошиловградської обласної  ради від 12.07.1980 № 300 (в.ч.) рішення виконкому Ворошиловградської обласної  ради від 28.06.1984 № 247;;;
151;Огидне;заповідне урочище;;71;"Новопсковське лісництво  ДП ""Старобільське ЛМГ""";"ДП ""Старобільське ЛМГ""";рішення виконкому Ворошиловградської обласної ної ради від 28.06.1984 № 247;;;
152;Луг;заповідне урочище;;117;"Новопсковське лісництво  ДП ""Старобільське ЛМГ""";"ДП ""Старобільське ЛМГ""";рішення виконкому Ворошиловградської обласної ної ради від 12.07.1980 № 300 (в.ч.) рішення виконкому Ворошиловградської обласної ради від 28.06.1984 № 247;;;
153;Зуєв ліс;заповідне урочище;;47;ДП “Старобільське ЛМГ”,  Білолуцьке лісництво, ;ДП “Старобільське ЛМГ”, ;Рішенням  Луганської облради від 17.04.2003  № 7/23 ;;;
154;Московське;заповідне урочище;;104;"ДП ""Старобільське ЛМГ"" Білолуцьке лісництво";"ДП ""Старобільське ЛМГ""";Рішенням  Луганської облради від 17.04.2003  № 7/23 ;;;
155;Шамраєва дача;заповідне урочище;;879;"ДП ""Северодонецьке ЛМГ"" Попаснянський, Новоайдарський район";"ДП ""Северодонецьке ЛМГ""";рішення виконкому Ворошиловградської обласної ради від 28.06.1984 № 247 Рішення Луганської обласної ради від 31.08.2011 № 6/42;;;
156;Нижньодуванське;заповідне урочище;;30;Сватівський район с. Нижня Дуванка;Нижньодуванська селищна рада Савтівського р-ну;Рішення Луганської обласної ради від 17.03.1994;;;
157;Біляєвське;заповідне урочище;;176.5;"ДП ""Луганське ЛМГ"" Слов""яносербське лісництво";"ДП ""Луганське ЛМГ""";"Рішення виконкому Луганської обласної ради  від 04.02.1969 № 72; (в.ч.)  рішення виконкому Ворошиловградської обласної ради від 01.08.1972 № 251 (в.ч.) рішення виконкому Ворошиловградської обласної ради від 12.07.1980 № 300 (в.ч.) рішення виконкому Ворошиловградської обласної  ради від 28.06.1984 № 247 Рішення Луганської обласної ради від 24.03.1992 № 92";;;
158;Піщане;заповідне урочище;;98;"Станично-Луганський район, ДП""Станично-Луганське ДЛМГ"" Піщане лісництво ";"ДП""Станично-Луганське ДЛМГ""";рішення виконкому Ворошиловградської обласної  ради від 12.07.1980 № 300 (в.ч.) рішення виконкому Ворошиловградської обласної  ради від 28.06.1984 № 247;;;
159;Киселева балка;заповідне урочище;;154;"Станично-Луганський район, ДП""Станично-Луганське ДЛМГ""";"ДП""Станично-Луганське ДЛМГ""";рішення виконкому Ворошиловградської обласної ради від 09.12.1982 № 532 (в.ч.) рішення виконкому Ворошиловградської обласної  ради від 28.06.1984 № 247;;;
160;Соснове;заповідне урочище;;67;"Старобільський район ДП ""Старобільське ЛМГ""";"ДП ""Старобільське ЛМГ""";рішення виконкому Ворошиловградської обласної  ради від 12.07.1980 № 300 (в.ч.) Рішення виконкому Ворошиловградської обласної ради від 28.06.1984 № 247;;;
161;Широке;заповідне урочище;;96;"Старобільський район ДП ""Старобільське ЛМГ""";"ДП ""Старобільське ЛМГ""";Рішення Луганської обласної ради від 17.04.2003 № 7/23;;;
;Всього заповідних урочищ;18;;3023.6;;;;;;
162;Парк Дружба;"парк-пам""ятка садово-паркового мистецтва";;30;на схід від м. Антрацит, Рафайлівська с/р дорога  Харків- Ростов-на –Дону  на відстані 3 км с.Дубовське;Рафайлівська с/р Антрацитівського р-ну;рішення виконкому Ворошиловградської обласно ради від 28.06.1984 № 247ї ;;;
163;Парк ім. Перемоги;"парк-пам""ятка садово-паркового мистецтва";;14.1676;м.Антрацит;Рафайлівська с/р Антрацитівського р-ну;рішення виконкому Ворошиловградської обласної   ради від 12.07.1980 № 300 (в.ч.) рішення виконкому Ворошиловградської обласної   ради від 28.06.1984 № 247 Рішення Луганської обласної ради від 25.11.2011 № 7/28;;;
164;сквер ім. Героів Великої    Вітчизняної війни;"парк-пам""ятка садово-паркового мистецтва";;1.5;м.Луганськ;Комбінат зеленого господарства та благоустрою м.Луганськ;рішення виконкому Ворошиловградської  обласної ради від 13.09.1977 № 370 (в.ч.) рішення виконкому Ворошиловградської обласної   ради від 28.06.1984 № 247;;;
165;сквер ім.Молодої гвардії;"парк-пам""ятка садово-паркового мистецтва";;6.4;м.Луганськ;Комбінат зеленого господарства та благоустрою м.Луганськ;рішення виконкому Ворошиловградської  обласної ради від 13.09.1977 № 370 (в.ч.) рішення виконкому Ворошиловградської обласної  ради від 28.06.1984 № 247;;;
166;Сватівський парк;"парк пам""ятка садово-паркового мистецтва";;16;Сватівський район, сел.Соснове;Сватівська психоневрологічна лікарня м.Сватове;"Рішення виконкому Луганської обласної ради  від 04.02.1969 № 72; (в.ч.)  рішення виконкому Ворошиловградської обласної ради від 01.08.1972 № 251 (в.ч.) рішення виконкому Ворошиловградської обласної  ради від 28.06.1984 № 247";;;
167;Мілуватськй водолій;"парк пам""ятка садово-паркового мистецтва";;17;Сватівський район, околиці с.Мілуватка;Мілуватська с/р Сватівського району;Рішення Луганської обласної ради від 31.08.2000 № 13/12;;;
168;Селезнівський парк;парк-пам'ятка садово-паркового мистецтва;;22;Перевальський район,с. Селезнівка;Селезнівська селищна рада Перевальського району;"Рішення виконкому Луганської обласної ради  від 04.02.1969 № 72; (в.ч.) рішення виконкому Ворошиловградської обласної ради від 28.06.1984 № 247";;;
;Всього парків-пам`яток садово-паркового мистецтва місцевого значення;7;;107.0676;;;;;;
;всього територій та об`єктів ПЗФ місцевого  значення;182;;79474.4607;;;;;;
;Всього територій та об'єктів ПЗФ;189;;93205.4771;;;;;;
