№ з.п.;Назва території чи об’єкта ПЗФ;Категорія ;Тип;Площа, га;Місце розташування  території чи об`єкту ПЗФ;Назва установи, підпрємства, організації, землекористувача (землевласника), у віданні якого знаходиться територія чи об’єкт ПЗФ;Рішення, згідно з яким створено (змінено) дану територію чи об’єкт ПЗФ;;
Території та об`єкти ПЗФ загальнодержавного значення;;;;;;;;;
1;Розточчя;природний заповідник;;2084,5;Яворівський район, смт. Івано-Франкове;Львівський національний лісотехнічний університет України;Постанова Ради Міністрів УРСР від 05.10.84р. № 403;;
;Всього природних заповідників;1;;2084,5;;;;;
1;Яворівський;національний природний парк;;7078,6;Яворівський район, смт. Івано-Франкове;Міністерство екології та природних ресурсів України;Указ президента України від 04.07.1998 р. № 744/98;;
2;Сколівські Бескиди;національний природний парк;;35684;Сколівський, Дрогобицький, Турківський райони;Львівське обласне управління лісового та мисливського господарства;Указ президента України від 11.02.1999 р. № 157;;
3;Північне Поділля;національний природний парк;;15587,9;Бродівський, Буський, Золочівський райони;Державний комітет лісового господарства України;Указ президента України від 10.02.2010 р. №156/2010;;
;Всього національних природних парків;3;;58350,5;;;;;
1;Бердо;заказник;ландшафтний;1085;"Сколівський район, Верхняцьке лісництво,кв. 1 (в.23,26,32,33) кв.2 (в.6,14,16); кв.3 (в.36-39); кв.4  (в.21,24); Климецьке л-во кв.9 (в.13-17); кв.11 (в.5-9); кв.12,14 (в.5,10-12,14);  кв.17 (в.1-5,7-9); кв.18 (в.1,2,5,7,9,13); кв.19 (в.2,7,9-11,14); кв20,кв.23.";ДП «Славський лісгосп»;Постанова Ради Міністрів УРСР від 02.11.1984 р. № 434;;
2;Пікуй;заказник;ландшафтний;711;"Турківський район, Верховинське л-во,кв.22,26-28 (427 га); «Боринський лісгосп» Либохорівське л-во,кв.38-40 (284 га)";"Турківський міжгосподарський лісгосп,  ДП «Боринський лісгосп""";Постанова Ради Міністрів УРСР від 02.11.84 р. № 434;;
3;Стариці Дністра;заказник;ландшафтний;70;Миколаївський район, між селами Веринь і Крупське;"Веринська с\р  (30 га);  Крупська с\р (40 га)";Постанова Ради Міністрів від 13.02.89 р. УРСР № 53;;
;Разом заказників ландшафтних;3;;1866;;;;;
1;Лопатинський;заказник;лісовий;109;Радехівський район, Лопатинське л-во, кв. 63 (в.4,11), 64 (12,13,16);ДП «Радехівський лісгосп»;Постанова Ради Міністрів УРСР від 02.11.84 р. № 434;;
;Разом заказників лісових;1;;109;;;;;
1;Діброва;заказник;загальнозоологічний;839;Жидачівський район, Ходорівське л-во, кв. 1-13;ДП «Стрийський лісгосп»;Постанова Ради Міністрів від 28.10.74 р. УРСР № 500;;
;Разом заказників загальнозоологічних;1;;839;;;;;
1;Лешнівський;заказник;ботанічний;58;Бродівський район,  Лешнівське л-во,  кв. 34, 35, 49, 51, 42 (в.6,7);ДП «Бродівський лісгосп»;Постанова Ради Міністрів УРСР від 03.08.78 р. № 383;;
2;Волицький;заказник;ботанічний;150;Сокальський район, Волицьке л-во, кв. 22 (в.3), 23 (в.2),  24 (в.2);ДП «Рава-Руський лісгосп»;Постанова Ради Міністрів УРСР від 03.08.78 р. № 383;;
;Разом заказників ботанічних;2;;208;;;;;
1;Чайковицький;заказник;гідрологічний;119;Самбірський район с.Чайковичі;Фермерське господарство Івана Кільгана;Постанова Ради Міністрів УРСР від 11.09.80 №524;;
2;Потелицький;заказник;гідрологічний;162;Жовківський район,  с. Потеличі;Сільська рада с. Потеличі;Постанова Ради Міністрів УРСР від 11.09.80 №524;;
;Разом заказників гідрологічних;2;;281;;;;;
;Всього заказників загальнодержавного значення;9;;3303;;;;;
1;Лиса Гора і Гора Сипуха;пам`ятка природи;комплексна;283;Золочівський район Золочівське л-во, кв. 1-3;ДП «Золочівський лісгосп»;Указ Президента України №715\96 від 20.08.96 р.;;
;Разом пам`яток природи комплексних;1;;283;;;;;
1;Гора Вапнярка;пам`ятка природи;ботанічна;309,8;"Золочівський район, Словітське л-во,  кв.1, 2 (в.1-13); кв.3 (в.1-3; 5-7; 9-15);  кв.7 (в.1-3)";ДП «Золочівський лісгосп»;Указ Президента України №715\96 від 20.08.96 р.;;
;Разом пам’яток природи ботанічних;1;;309,8;;;;; 
;Всього пам`яток природи загальнодержавного значення;2;;592,8;;;;;
1;Ботанічний сад Львівського державного університету ім.Ів.Франка;ботанічний сад;;18,5;м. Львів розташований на  2-х  ділянках: 2 га по вул. Кирила і Мефодія,4  та  16,5 га по вул.Черемшини,44;Львівський національний університет ім. Івана Франка;Постанова Ради Міністрів України від 22.07.83 р. №311;;
2;Ботанічний сад Львівського державного лісотехнічного університету;ботанічний сад;;22,7;"на3-х ділянках: у м. Львові 6,5га по вул.Чупринки,103; та 0,7га по вул. О. Кобилянської і 15,5 га арборетум в с. Страдч Яворівського р-ну";Львівський державний лісотехнічний університет;Постанова Ради Міністрів України від 22.02.91 р. №33;;
;Всього ботанічних садів загальнодержавного значення;2;;41,2;;;;;
1;Оброшинський;дендрологічний парк;;5;Пустомитівський  р-н, с. Оброшино;Інститут землеробства і біології тварин УААН;Постанова Ради Міністрів України № 311 від 22.07.83 р.;;
2;Рудківський;дендрологічний парк;;59;Самбірський р-н, с.м.т. Рудки, Рудківське л-во, кв.13;ДП «Самбірський лісгосп»;Постанова Ради Міністрів України № 5 від 07.01.85 р.;;
;Всього дендрологічних парків загальнодержавного значення;2;;64;;;;;
1;Стрийський парк;парк-пам`ятка садово-паркового мистецтва;;56;м. Львів;;Постанова Ради Міністрів УРСР № 105 від 29.01.80 р.;;
2;Міженецький парк;парк-пам`ятка садово-паркового мистецтва;;11;Старосамбірський р-н;ДП «Старосамбірський лісгосп»;Постанова Ради Міністрів УРСР № 105 від 29.01.80 р.;;
3;Самбірський парк;парк-пам`ятка садово-паркового мистецтва;;15;м. Самбір;Самбірський міський комбінат комунальних підприємств;Постанова Ради Міністрів УРСР № 105 від 29.01.80 р.;;
4;Підгірцівський парк;парк-пам`ятка садово-паркового мистецтва;;8,3;Стрийський р-н, с. Підгірці;Львівський облрибкомбінат;Постанова Ради Міністрів УРСР № 105 від 29.01.80 р.;;
5;Буський парк;парк-пам`ятка садово-паркового мистецтва;;8;м. Буськ;Буський комбінат комунальних підприємств;Постанова Ради Міністрів УРСР № 105 від 29.01.80 р.;;
6;Підгорецький парк;парк-пам`ятка садово-паркового мистецтва;;17;Бродівський р-н, с. Підгірці;Львівська картинна галерея;Постанова Ради Міністрів УРСР № 105 від 29.01.80 р.;;
;Всього парків-пам`яток садово-паркового мистецтва загальнодержавного значення;6;;115,3;;;;;
;Всього територій та об`єктів ПЗФ загальнодержавного значення ;25;;64551,3;;;;;
Території та об'єкти ПЗФ місцевого значення;;;;;;;;;
1;Знесіння;регіональний ландшафтний парк;;312;м. Львів, вул. Новознесенська, 32;Львівська міська рада народних депутатів;Ухвала Львівської обласної ради народних депутатів від 02.12.93 р. № 327;;
2;Надсянський;регіональний ландшафтний парк;;19428;"Турківський район, Яблунське л-во:  кв. 1-24; Боринське л-во: кв. 23 (в т.ч. ДЛФ 4392 га)";ДП «Боринський лісгосп»;Рішення Львівської обласної ради народних депутатів №209 від 31.07.97 р.;;
3;Верхньодністровські Бескиди;регіональний ландшафтний парк;;8536;"Старосамбірський район, , Головецьке,  Мшанецьке та Старявське л-ва,  кв.37-58; 64-75,  Спаське л-во:  кв. 1-14;";ДП «Старосамбірський лісгосп»;Рішення Львівської обласної ради народних депутатів №234 від 08.10.97 р.;;
4;Равське Розточчя;регіональний ландшафтний парк;;19103;Жовківський р-н Яворівський р-н;Жовківського р-ну: Дев’ятирська с/р – 1557 га, Липницька с/р –  1128 га, Кам’яногірська с/р – 953 га, Кубинська с/р – 3552 га, Потелецька  с/р – 4962 га, Крехівська с/р – 2775 га, Магерівська с/р –  1862 га,  Яворівського р-ну: Середкевичівська с/р – 2350 га,;Рішення Львівської обласної ради від 13.06.1997 р. №341;;
5;Стільське Горбогір’я ;регіональний ландшафтний парк;;8909,9;Миколаївський р-н Пустомитівський р-н, Перемишлянський р-н;ДП «Львівське лісове господарство»  - 6137,0, ДП «Стрийське лісове господарство» - 1853,0, Миколаївське ДЛГП - 563,5, Пустомитівське ДЛГП – 255,0, Стільська с/р – 95,4, Бродківська с/р – 6,0;Рішення Львівської обласної ради від 1 квітня 2014 року № 1043;;
;Всього регіональних ландшафтних парків;5;;56288,9;;;;;
1;Липниківський;заказник;ландшафтний;2194;"Пустомитівський р-н, Липниківське л-во,  кв. 93-116,  Товщівське л-во,  кв. 39-41, 45-87, 89, 93;";ДП «Львівський лісгосп»;1984*;;
2;Дубрівський;заказник;ландшафтний;408,8;Жидачівський р-н, с.Зарічне;Зарічненська сільська рада, Селянська спілка “Свіча”;Розпорядження голови Львівської облдержадміністрації від 11.02.1995 № 126;;
3;Романівський;заказник;ландшафтний;482;Перемишлянський р-н, Романівське л-во,  кв.15 (в.1-23),16 (в.1-14),  20 (в.1-15), 25 (в.1-14),  26 (в.1-10), 27 (в.1-12).;ДП «Бібрський лісгосп»;1984*;;
4;Свіржський;заказник;ландшафтний;451;Перемишлянський р-н, Бібрський ДЛГ, Свіржське л-во, кв.31 (1-3,8-10,13-19), 33(1-16), 34 (1-11), 35(1-11), 36(1-15), 37(1-15), 38(1-12), 39(1-28);ДП «Бібрський лісгосп»;1984*;;
5;Кошів;заказник;ландшафтний;110;Миколаївський р-н, , Комарнівське л-во, кв.39 (1-44);ДП «Самбірський лісгосп»;1984*;;
6;Зелемінь;заказник;ландшафтний;1496;"Сколівський р-н, Гребенівське л-во,  кв.14-22, 40, 45, 49, 51; Дубинське л-во,  кв. 19-21, 23-25;";ДП «Сколівський лісгосп»;1984*;;
7;Федорівка;заказник;ландшафтний;1409;Сокальський р-н, Сокальське л-во, кв. 72-88;ДП «Радехівський лісгосп»;1984*;;
8;Моршинський;заказник;ландшафтний;3084,6;Стрийський р-н, Моршинське л-во, кв.7-48,50-69;ДП «Стрийський лісгосп»;1984*;;
9;Розлуч;заказник;ландшафтний;152;Турківський р-н,  Розлуцьке л-во,  кв.12,13;ДП «Турківський лісгосп»;1984*;;
10;Верхобузький;заказник;ландшафтний;324;Золочівський р-н, с.Колтів;Колтівська сільська рада;Розпорядження голови Львівської облдержадміністрації від 22.12.1995 № 1123;;
11;Климова дебра;заказник;ландшафтний;296;"Жовківський район, В’язівське лісництво,  Кв. 61, 62, 69, 70;";ДП «Жовківський лісгосп»;Рішення Львівської обласної ради від 30.06.2009 р. № 933;;
12;Бориславський;заказник;ландшафтний;2049,3;Дрогобицький р-н, Бориславське л-во, кв. 38-43, 45-50, 52-58, 60-64, 66, 68, 75-78, 80, 81, 83-89.;ДП «Дрогобицький лісгосп»;1984*;;
13;Базиївка;заказник;ландшафтний;20;Жидачівський р-н,  м. Жидачів;Жидачівська міська рада;Рішення Львівської обласної ради від 14.07.2011 р. № 207;;
;Разом заказників ландшафтних ;13;;12476,7;;; ;;
1;Макітра;заказник;ботанічний;15,5;Бродівський р-н, с. Гаї;Гаївська сільрада;1984*;;
2;Кемпа;заказник;ботанічний;10;Бродівський р-н,  с. Лагодів;Бродівська міськрада;1984*;;
3;Надітичі;заказник;ботанічний;5,1;Миколаївський р-н, с. Надітичі;Пісочнянська сільрада;1984*;;
4;Рацина;заказник;ботанічний;12;Турківський р-н,  с. Верхнє Висоцьке,  с. Матків;Верхнєвисоцька сільрада;Рішення Львівської обласної ради народних депутатів № 34 від 07.02.91 р.;;
;Разом заказників ботанічних;4;;42,6;;;;;
1;Чортова скеля;заказник;лісовий;353;м. Львів,  Личаківський р-н,  Винниківське л-во,  кв. 6-10, 14-19;ДП «Львівський лісгосп»;1984*;;
2;Гряда;заказник;лісовий;1149;Жовківський р-н,  Брюховицьке л-во,  кв.1-38;ДП «Львівський лісгосп»;1984*;;
3;Любінський;заказник;лісовий;2078;Городоцький та Пустомитівськийр-ни, Лапаївське л-во,  кв. 52-92, 95-107;ДП «Львівський лісгосп»;Створено 1984*. Зменшення площі затверджено рішенням Львівської обласної ради народних депутатів № 71 від 01.10.98 р.;;
4;Винниківський;заказник;лісовий;848;Пустомитівськийр-ни, Винниківське л-во,  кв. 49-71, 84-86;ДП «Львівський лісгосп»;1984*;;
5;Львівський;заказник;лісовий;523;м. Львів,  Личаківський р-н,  Винниківське л-во,  кв. 22, 28-30, 33-35, 38-44;ДП «Львівський лісгосп»;1984*;;
6;Завадівський;заказник;лісовий;3561;Жовківський та Яворівський р-ни, Завадівське л-во,  кв.1-66;ДП «Львівський лісгосп»;1984*;;
7;Великий ліс;заказник;лісовий;1649;Сокальський р-н, Радехівський р-н, Сокальське л-во,  кв. 44-55, 57-71;ДП «Радехівський лісгосп»;1984*;;
8;Підкамінь;заказник;лісовий;60,5;Бродівський р-н, Підкамінське л-во,  кв. 48, вид.1;ДП «Бродівський лісгосп»;Рішення Львівської обласної ради народних депутатів №118 від 22.12.98 р.;;
9;Гаївський;заказник;лісовий;50,6;Буський р-н,  урочище «Гаївське» кв. 13 ;Буське ДЛГП “Галсільліс”;Рішення Львівської обласної ради від 07.10.2008 р. № 693;;
10;Добромильський;заказник;лісовий;90;Старосамбірський р-н, Добромильське л-во, кв. 5  ;ДП «Старосамбірський лісгосп»;Рішення  Львівської  обласної  ради  від  22.09.2010  р. № 1329;;
11;Корналовичі;заказник;лісовий;88;Самбірський р-н, Дублянськел-во,  кв. 4, вид. 1;ДП «Самбірський лісгосп»;Рішення  Львівської  обласної  ради  від  11.10.2005 р. № 426;;
;Разом заказників лісових;11;;10450,1;;;;;
1;За гора ;заказник;ентомологічний;0,5;Жовківський р-н, с. Стара Скварява та Мокротин;селянські спілки с. Стара Скварява та с. Мокротин;1984*;;
;Разом заказників ентомологічних ;1;;0,5;;;;;
1;Либохорівський;заказник;загальнозоологічний;2075;"Турківський р-н, Либохорівське л-во, кв.15-29, 31-35;";ДП «Боринський лісгосп»;1984*;;
2;Пукачів;заказник;загальнозоологічний;1649;Радехівський р-н, Радехівське л-во, кв. 28-44,46-58;ДП «Радехівський лісгосп»;1984*;;
;Разом заказників загальнозоологічних;2;;3724;;;;;
1;Чолгинський;заказник;орнітологічний;820;Яворівський район, с. Тернавиця;Новояричівське ДП «Екотрансенерго»;Рішення сесії Львівської обласної ради народних депутатів № 126 від 11.02.97 р.;;
2;Янівські чаплі;заказник;орнітологічний;16;Яворівський р-н,  смт. Івано-Франкове, Страдчівський НВК, Страдчівське л-во,  кв. 49 (1-6, 9);Страдчівський навчально-виробничий лісокомбінат;Розпорядження голови Львівської обл-держадміністрації від 22.12.95 р. № 1123;;
;Разом заказників орнітологічних;2;;836;;;;;
;Пониківський;заказник;гідрологічний;53,7;Бродівський район, між с. Пониква і с. Черниця;Пониківська і Черницька сільради;Рішення Львівської обласної ради народних депутатів від 01.10.98 р. №71;;
1;Разом заказників гідрологічних ;1;;53,7;;;;;
;Всього заказників місцевого значення;34;;27583,6;;;;;
1;Сосновий ліс;заповідне урочище;;11;Буський р-н,  Ожидівське л-во,  кв. 26 (1);ДП «Буський лісгосп»;1984*;;
2;Соколя;заповідне урочище;;53,9;Буський р-н,  Соколянське л-во, кв. 45 (3,5,9,10);ДП «Буський лісгосп»;1984*;;
3;Сторонибаби;заповідне урочище;;30;Буський р-н,  Верблянське л-во,  кв. 55 (1);ДП «Буський лісгосп»;1984*;;
4;Тадані;заповідне урочище;;27;Кам_янко-Бузький р-н,  Таданівське л-во,  кв. 27 (1);ДП «Буський лісгосп»;1984*;;
5;Синичівське;заповідне урочище;;16;Бродівський р-н, Заболотцівське л-во,  кв. 69 (28);ДП «Бродівський лісгосп»;1984*;;
6;Заболотцівське;заповідне урочище;;46,2;Бродівський р-н, Заболотцівське л-во,  кв. 94 (1,2,6);ДП «Бродівський лісгосп»;1984*;;
7;Лагодівське;заповідне урочище;;6,2;Бродівський р-н,  Лагодівське л-во,  кв. 73 (4);ДП «Бродівський лісгосп»;1984*;;
8;Піски;заповідне урочище;;46,2;Бродівський р-н,  Лешнівське л-во,  кв. 48 (1,2,13);ДП «Бродівський лісгосп»;1984*;;
9;Підбуж;заповідне урочище;;99,6;Дрогобицький р-н, Підбузьке л-во,  кв. 17 (2,9),  кв. 18 (1,2);ДП «Самбірський лісгосп»;1984*;;
10;Майдан;заповідне урочище;;17;Жовківський р-н,  Жовківське л-во,  кв. 44 (3);ДП «Жовківський лісгосп»;1984*;;
11;Борове;заповідне урочище;;25;Сокальський р-н,  Великомостівське л-во, кв. 16 (5,16);ДП «Жовківський лісгосп»;1984*;;
12;Великомостівське;заповідне урочище;;27;Сокальський р-н,  Великомостівське л-во, кв. 20 (4);ДП «Жовківський лісгосп»;1984*;;
13;Журі;заповідне урочище;;29;Жовківський р-н,  В_язівське л-во,  кв. 45 (11);ДП «Жовківський лісгосп»;1984*;;
14;Ліс під Трудовачем;заповідне урочище;;33;Золочівський р-н,  Словітське л-во,  кв. 18 (2);ДП «Золочівський лісгосп»;1984*;;
15;Ліс в околицях Верхобужжя;заповідне урочище;;59;Золочівський р-н,  Сасівське л-во,  кв. 51 (3,4),  кв. 52 (6);ДП «Золочівський лісгосп»;1984*;;
16;Модринове насадження;заповідне урочище;;5,7;Пустомитівський р-н, Товщівське л-во.  кв. 42 (2,3);ДП «Львівський лісгосп»;1984*;;
17;Грицеволя;заповідне урочище;;33;Радехівський р-н, Лопатинське л-во,  кв. 66 (7);ДП «Радехівський лісгосп»;1984*;;
18;Топорівське;заповідне урочище;;95,9;Радехівський р-н, Нивицьке л-во,  кв. 31,32  ;ДП «Радехівський лісгосп»;1984*;;
19;Кремінь;заповідне урочище;;324,5;Сколівський р-н, Тухлянське л-во,  кв. 1,5;ДП «Славський лісгосп»;Рішення виконкому Львівської обласної ради від 07.11.91 р. №34;;
20;Головецьке;заповідне урочище;;7,8;Сколівський р-н, Головецьке  л-во,  кв. 16 (18);ДП «Славський лісгосп»;1984*;;
21;Димківці;заповідне урочище;;9,4;Сколівський р-н, Тухлянське  л-во,  кв. 28 (1,3)  ;ДП «Славський лісгосп»;1984*;;
22;Рожанське;заповідне урочище;;3,6;Сколівський р-н, Рожанське  л-во, кв. 23 (3);ДП «Славський лісгосп»;1984*;;
23;Тухлянське;заповідне урочище;;18;Сколівський р-н, Тухлянське  л-во,  кв. 1 (8);ДП «Славський лісгосп»;1984*;;
24;Дубинське;заповідне урочище;;605;"Сколівський р-н, Дубинське  л-во,  кв. 7, 10 (9, 22);  кв. 12, 22, 23;";ДП «Сколівський лісгосп»;1984*;;
25;Міженець;заповідне урочище;;8,7;"Старосамбірський р-н,  Міженецьке л-во,  кв. 10 (9, 10);";ДП «Старосамбірський лісгосп»;1984*;;
26;Скельний дуб;заповідне урочище;;16;Старосамбірський р-н,  Добромильське л-во,  кв. 10 (2);ДП «Старосамбірський лісгосп»;1984*;;
27;Тарнавка;заповідне урочище;;6,8;"Старосамбірський р-н,  Сусідовицьке л-во,  кв. 22 (21);";ДП «Старосамбірський лісгосп»;1984*;;
28;Розгірче;заповідне урочище;;205,7;Стрийський р-н,  Любинцівське л-во,  кв. 25 (8, 10, 11),  кв.  26 (2-6, 10);ДП «Сколівський лісгосп»;1984*;;
29;Борок;заповідне урочище;;34;Сокальський р-н, Сокальське л-во,  кв. 40 (3),  кв. 43 (2);ДП «Радехівський лісгосп»;1984*;;
30;Катина;заповідне урочище;;53;Старосамбірський р-н,  Старявське  л-во,  кв. 3 (2);ДП «Старосамбірський лісгосп»;1984*;;
31;Красне;заповідне урочище;;20;Турківський р-н,  Мохнатське л-во,  кв. 8 (3,4);ДП «Боринський лісгосп»;1984*;;
32;Семегинів;заповідне урочище;;12,7;Стрийський р-н,  Любинцівське л-во,  кв. 14 (5, 7, 9, 10);ДП «Сколівський лісгосп»;1984*;;
33;Ялина;заповідне урочище;;6,3;Турківський р-н,  Либохорівське л-во,  кв. 41 (1);ДП «Боринський лісгосп»;1984*;;
34;Немирів;заповідне урочище;;276;Яворівський р-н,  Немирівське л-во,  кв. 21, 22, 27, 28;ДП «Рава-Руський лісгосп»;1984*;;
35;Йосиповичі;заповідне урочище;;40;Стрийський р-н,  Лотатницьке  л-во,  кв. 2  (1, 6);ДП «Стрийський лісгосп»;1984*;;
36;Роздільське;заповідне урочище;;171;Миколаївський р-н,  Роздільське л-во, кв. 22 (5),  кв. 23 (1, 6),  кв. 26 (1, 3),  кв. 28 (1, 5, 6);ДП «Стрийський лісгосп»;1984*;;
37;Березовий гай;заповідне урочище;;33,2;Стрийський р-н,  Лотатницьке л-во,  кв. 27, 28;ДП «Стрийський лісгосп»;1984*;;
38;Сигла;заповідне урочище;;25;Турківський р-н,  Мохнатське л-во,  кв. 9 (1);ДП «Боринський лісгосп»;1984*;;
39;Лази;заповідне урочище;;430;Дрогобицький р-н,  с. Болехівці, с. Верхні Гаї;СПП “Відродження” КСП “Верховина”;Розпорядження голови Львівської облдержадміністрації від 22.12.95 №1123;;
40;Маківка;заповідне урочище;;397;Сколівський р-н,  Головецьке л-во,  кв. 6,7,13,14;ДП «Славський лісгосп»;1984*;;
41;Обнога;заповідне урочище;;314;Сколівський р-н,  Рожанське л-во,  кв. 41,42;ДП «Славський лісгосп»;1984*;;
42;Довжки;заповідне урочище;;325;Сколівський р-н,  Сможанське л-во,  кв. 24,25;ДП «Славський лісгосп»;1984*;;
43;Хітар;заповідне урочище;;394;Сколівський р-н,  Верхнячківське л-во,  кв. 6-8;ДП «Славський лісгосп»;1984*;;
44;Гаї;заповідне урочище;;1323;"Сколівський р-н,  Сможанське л-во,  кв. 2-3,21-23;  Климецьке л-во, кв. 1-6  ";ДП «Славський лісгосп»;1984*;;
45;Бескид;заповідне урочище;;251;Сколівський р-н,  Климецьке л-во,  кв. 21,25;ДП «Славський лісгосп»;1984*;;
46;Тернівці;заповідне урочище;;122;Сколівський р-н,  Головецьке л-во,  кв. 22;ДП «Славський лісгосп»;1984*;;
47;Явірник;заповідне урочище;;142;Сколівський р-н,  Верхнячківське л-во,  кв. 21;ДП «Славський лісгосп»;1984*;;
48;Магура;заповідне урочище;;267;Сколівський р-н,  Тухлянське л-во,  кв. 23,24;ДП «Славський лісгосп»;1984*;;
;Всього заповідних урочищ;48;;6502,4;;;;;
1;Ботанічний сад Львівського медичного університету;ботанічний сад;;1,5;м. Львів, вул. Пекарська,71;Львівський державний медичний університет;Рішення сесії Львівської обласної ради № 180 від 17.06.97;;
;Всього ботанічних садів місцевого значення;1;;1,5;;;;;
;Зоопарк;зоопарк;;5,9;Пустомитівський р-н, с. Оброшино;“Falco-ЛТД” еколого-розплідний методичний центр;Рішення сесії Львівської обласної ради народних депутатів від 01.10.98 р. №71;;
;Всього зоопарків місцевого значення;1;;5,9;;;;;
1;Парк 17 ст.;парк-пам`ятка садово-паркового мистецтва;;10;Городоцький район, м. Комарно;Городоцький комбінат  комунальних підприємств;1984*;;
2;Парк ХVІІІ ст.;парк-пам`ятка садово-паркового мистецтва;;12;Городоцький р-н, с. Вишня;Вишнянський радгосп-технікум;1984*;;
3;Парк ХVІІІ ст.;парк-пам`ятка садово-паркового мистецтва;;3,5;Городоцький р-н, с. Суховоля;Восьмирічна школа;1984*;;
4;Парк ХVІІІ ст.;парк-пам`ятка садово-паркового мистецтва;;12;м. Городок;Городоцький комбінат комунальних підприємств;1984*;;
5;Парк ХІХ ст.;парк-пам`ятка садово-паркового мистецтва;;5;Городоцький р-н, с.м.т. Великий Любінь;В. Любінська допоміжна школа;1984*;;
6;Парк курорту “Великий Любінь”;парк-пам`ятка садово-паркового мистецтва;;12;Городоцький р-н, с.м.т. Великий Любінь;адміністрація курорту;1984*;;
7;Парк ХІХ ст.;парк-пам`ятка садово-паркового мистецтва;;2;Жидачівський р-н, с. Піддністряни;Піддністрянська школа-інтернат;1984*;;
8;Парк ХІХ ст.;парк-пам`ятка садово-паркового мистецтва;;2;Жидачівський р-н, с. Лівчиці;Лівчицька школа-інтернат;1984*;;
9;Парк ХІХ ст.;парк-пам`ятка садово-паркового мистецтва;;2;Жидачівський р-н, м. Ходорів;Ходорівська міська рада;1984*;;
10;Парк ХІХ ст.;парк-пам`ятка садово-паркового мистецтва;;6;Золочівський р-н, с.м.т. Глиняни;Адміністрація птахофабрики Львівптахопрому;1984*;;
11;Парк ХІХ ст.;парк-пам`ятка садово-паркового мистецтва;;7;Золочівський р-н, с.м.т. Поморяни;Поморянське СПТУ-35;1984*;;
12;Парк ХІХ ст.;парк-пам`ятка садово-паркового мистецтва;;3,67;Кам’янко-Бузький р-н, с. Тадані;Таданівська сільська рада;1984*;;
13;Чорний парк;парк-пам`ятка садово-паркового мистецтва;;1,74;м. Кам’яка-Бузька;Кам’янко-Бузька восьмирічна школа;1984*;;
14;Парк санаторію “Роздол”;парк-пам`ятка садово-паркового мистецтва;;6,6;Миколаївський р-н, с.м.т. Н. Роздол;Дирекція санаторію “Роздол”;1984*;;
15;Парк ХVIII ст.;парк-пам`ятка садово-паркового мистецтва;;4;Миколаївський р-н, с. Заклад;м. Миколаїв, психіатрична лікарня;1984*;;
16;Парк ХVIII ст.;парк-пам`ятка садово-паркового мистецтва;;3,8;Мостиський р-н, с. Крукеничі;природничо-технічний ліцей при УкрДЛТУ;1984*;;
17;Парк ХVIII ст.;парк-пам`ятка садово-паркового мистецтва;;4,6;Старосамбірський р-н, с. Муроване;Мурованська сільська рада;1984*;;
18;Парк ХІХ ст.;парк-пам`ятка садово-паркового мистецтва;;3;Стрийський р-н, с. Бережниця;Мурованська сільська рада;1984*;;
19;Парк курорту “Немирів”;парк-пам`ятка садово-паркового мистецтва;;26;Яворівський р-н, с.м.т. Немирів;Адміністрація курорту “Немирів”;1984*;;
20;Парк курорту “Шкло”;парк-пам`ятка садово-паркового мистецтва;;93;Яворівський р-н, с.м.т. Шкло;Адміністрація курорту “Шкло”;1984*;;
21;Парк ХІХ ст.;парк-пам`ятка садово-паркового мистецтва;;2;Яворівський р-н, с. Свидниця;Свидницька сільрада;1984*;;
22;Парк ХІХ ст.;парк-пам`ятка садово-паркового мистецтва;;2;Яворівський р-н, с. Нагачів;Нагачівська сільрада, селянська спілка;1984*;;
23;Парк ім. І.Франка;парк-пам`ятка садово-паркового мистецтва;;10,6;м. Львів;Львівський міський виробничий трест зеленого господарства;1984*;;
24;Парк “Снопківський”;парк-пам`ятка садово-паркового мистецтва;;35,66;м. Львів;Львівський міський виробничий трест зеленого господарства;1984*;;
25;Парк “Залізна Вода”;парк-пам`ятка садово-паркового мистецтва;;19,5;м. Львів;Львівський міський виробничий трест зеленого господарства;1984*;;
26;Парк культури і відпочинку ім. Б. Хмельницького;парк-пам`ятка садово-паркового мистецтва;;26;м. Львів;дирекція парку;1984*;;
27;Личаківський парк;парк-пам`ятка садово-паркового мистецтва;;8,8;м. Львів;Львівський міський виробничий трест зеленого господарства;1984*;;
28;Парк “Високий Замок”;парк-пам`ятка садово-паркового мистецтва;;35,5;м. Львів;Львівський міський виробничий трест зеленого господарства;1984*;;
29;Парк кінця ХІХ століття  “На Валах”;парк-пам`ятка садово-паркового мистецтва;;1,9;м. Львів;Львівський міський виробничий трест зеленого господарства;1984*;;
30;Пагорб Слави;парк-пам`ятка садово-паркового мистецтва;;12,36;м. Львів;Львівський міський виробничий трест зеленого господарства;1984*;;
31;Парк ім. Б.Хмельницького;парк-пам`ятка садово-паркового мистецтва;;150;м. Дрогобич;Дрогобицький міськкомунгосп;1984*;;
32;Парк ім. генерала Васильєва;парк-пам`ятка садово-паркового мистецтва;;1,94;м. Дрогобич;Дрогобицький міськкомунгосп;1984*;;
33;Парк ХІХ ст.;парк-пам`ятка садово-паркового мистецтва;;2,35;м. Дрогобич;Дрогобицький міськкомунгосп;1984*;;
34;Парк ім.  Т. Шевченка;парк-пам`ятка садово-паркового мистецтва;;20;м. Стрий;Стрийський міськкомунгосп, адміністрація парку;1984*;;
35;Парк Нижанківського;парк-пам`ятка садово-паркового мистецтва;;1,5;м. Стрий;Стрийський міськкомунгосп, адміністрація парку;1984*;;
36;Парк Злуки;парк-пам`ятка садово-паркового мистецтва;;5;м. Стрий;Стрийський міськкомунгосп, адміністрація парку;1984*;;
37;Новояричівський парк;парк-пам`ятка садово-паркового мистецтва;;6;Кам’янко-Бузький р-н, с.м.т. Новий Яричів;Новояричівська СШ, лікарня;1984*;;
38;Неслухівський парк;парк-пам`ятка садово-паркового мистецтва;;7;Кам’янко-Бузький р-н, с. Неслухів;Львівська дослідна станція садівництва;1984*;;
39;Тишковицький парк;парк-пам`ятка садово-паркового мистецтва;;14;Мостиський р-н, с. Тишковичі;селянська спілка с. Тишковичі;1984*;;
40;Курортний парк;парк-пам`ятка садово-паркового мистецтва;;78;Дрогобицький р-н, м. Трускавець;Трускавецька територіальна рада по управлінню курортами профспілок;1984*;;
41;Верхньобілківський парк;парк-пам`ятка садово-паркового мистецтва;;32;Пустомитівський р-н, с. Верхня Білка;Верхньобілківська сільрада;1984*;;
42;Басівський дендропарк;парк-пам`ятка садово-паркового мистецтва;;15,4;Пустомитівський р-н, Лапаївське л-во, кв. 35 (5,6);ДП «Львівський лісгосп»;1984*;;
43;Парк ХІХ ст.;парк-пам`ятка садово-паркового мистецтва;;6;Мостиський р-н, с. Судова Вишня;Судовишнянське СПТУ-66;1984*;;
44;Парк ХVIII ст.;парк-пам`ятка садово-паркового мистецтва;;11;Мостиський р-н, с. Тшенець;Тшенецька інфекційна лікарня;1984*;;
45;Замковий парк;парк-пам`ятка садово-паркового мистецтва;;13,9;Жовківський р-н м. Жовква;Жовківська міська рада;Рішення Львівської обласної ради від 24.05.2011 р. № 140;;
46;Парк ХVIII ст.;парк-пам`ятка садово-паркового мистецтва;;3,5;Жовківський р-н, с. Надичі;селянська спілка;1984*;;
47;Парк ХІХ ст.;парк-пам`ятка садово-паркового мистецтва;;1,5;Перемишлянський р-н, с. Бібрка;Бібрський ПМК;1984*;;
48;Парк ХІХ ст.;парк-пам`ятка садово-паркового мистецтва;;3,5;м. Пустомити;комбінат комунальних підприємств;1984*;;
49;Парк ХVIII ст.;парк-пам`ятка садово-паркового мистецтва;;1;Самбірський р-н, с. Корналовичі;Корналовицька с/р;1984*;;
50;Парк турстанції;парк-пам`ятка садово-паркового мистецтва;;4;Сколівський р-н, с. Дубина;Турбаза “Карпати”;1984*;;
51;Парк школи-інтернату;парк-пам`ятка садово-паркового мистецтва;;3;м. Сколе, вул. Князя Святослава;Сколівська школа-інтернат;1984*;;
52;Парк ХVIII ст.;парк-пам`ятка садово-паркового мистецтва;;5;Сокальський р-н, с. Тартаків;Тартаківська сільрада;1984*;;
53;Парк ХVIII ст.;парк-пам`ятка садово-паркового мистецтва;;3;Старосамбірський р-н, с. Ракове;Раківська СШ;1984*;;
54;Парк курортний;парк-пам`ятка садово-паркового мистецтва;;12;Стрийський р-н, м. Моршин;Моршинська територіальна рада по управлінню курортами профспілок;1984*;;
55;Парк комунальної 7-ої лікарні м. Львова;парк-пам`ятка садово-паркового мистецтва;;1,42;;;Рішення Львівської обласної ради від 18 березня 2014 року № 988;;
;Всього парків-пам’яток садо-паркового мистецтва місцевого значення;55;;776,24;;;;;
1;Геологічно-ботанічна ділянка під назвою “Триніг”;пам`ятка природи;комплексна;5,5;Бродівський р-н, Підкамінське л-во,  кв. 45 (9,13);ДП «Бродівський лісгосп»;1984*;;
2;“Жулицька Гора”, “Гора Сторожиха”, “Гора Висока”;пам`ятка природи;комплексна;261;Золочівський р-н, Білокамінське л-во,  кв. 51-54;ДП «Золочівський лісгосп»;1984*;;
3;Підлиська Гора (Гора Маркіяна Шашкевича);пам`ятка природи;комплексна;146,5;Золочівський  район, Білокамінське л-во  кв.19 (1,2);ДП «Золочівський лісгосп»;Рішення Львівського облвиконкому  №495 від 09.10.84. Розширення площі Рішенням сесії Львівської обл. ради  №56 від 15.10.2002р.;;
4;Свята Гора;пам`ятка природи;комплексна;186;Золочівський  район, Білокамінське л-во  кв.47-49;ДП «Золочівський лісгосп»;1984*;;
5;Комплекс мальовничих скель з лісонасадженнями на горі “Сигла” і “Широка Сигла;пам`ятка природи;комплексна;15,7;Сколівський р-н, Дубинське л-во,  кв.18 (1,2,9,10);ДП «Сколівський лісгосп»;1984*;;
6;Комплекс мальовничих скель з лісонасадженнями на горі “Соколовець”;пам`ятка природи;комплексна;12;Сколівський р-н, Сколівський ДЛГ, Підгородцівське л-во, кв.18 (1,2,7-9);ДП «Сколівський лісгосп»;1984*;;
7;“Пам_ятка Пеняцька”;пам`ятка природи;комплексна;35;Бродівський р-н, Пеняцьке л-во,  кв. 60;ДП «Золочівський лісгосп»;Рішення сесії Львівської обласної ради народних депутатів № 126 від 11.02.97 р.;;
8;"“Відслонення Вигородського пісковика з руїнами старовинного монастиря і печери О. Довбуша""";пам`ятка природи;комплексна;1;Стрийський р-н, с. Розгірче;Стрийський р-н,  с. Розгірче;1984*;;
9;“Стільська”;пам`ятка природи;комплексна;515;Миколаївський р-н, Стрийський ДЛГ, Роздольське л-во,  кв. 7-17;ДП «Стрийський лісгосп»;Рішення сесії Львівської обласної ради народних депутатів №225 від 08.12.99 р.;;
10;Скеля, де був збудований замок Данила Галицького;пам`ятка природи;комплексна;1;Старосамбірський р-н,  с. Спас;Селянська спілка с. Спас;1984*;;
11;Сквер ім. Марії Солодкої;пам`ятка природи;комплексна;1,3;Кам_янко-Бузький р-н,  с. Зубів Міст;Селянська спілка с.Зубів Міст;1984*;;
12;Тисова гора;пам`ятка природи;комплексна;1,9;Сколівський р-н,, Козівське л-во, кв.4, в.14;ДП «Сколівський лісгосп»;1984*;;
13;Стежка Івана Франка;пам`ятка природи;комплексна;15;Дрогобицький р-н, с. Івано-Франкове, Ів.Франківське л-во, кв.21 (в.23-32);ДП «Дрогобицький лісгосп»;1984*;;
14;Страдчанська;пам`ятка природи;комплексна;28,9;Яворівський р-н, с. Страдч,  Ів.Франківське л-во, кв.32,(в.11-17);Яворівський міжгосподарський лісгосп;Рішення Львівської обласної ради народних депутатів ві№126 від 11.02.97 р.;;
15;“Витік р. Дністер”;пам`ятка природи;комплексна;54;Турківський р-н, Вовчанське л-во,  кв.21 (16,17,19,21,22),  кв. 22 (1-7);ДП «Турківський лісгосп»;1984*;;
16;“Комплекс мальовничих скель серед лісонасаджень в околицях с. Лелехівка”;пам`ятка природи;комплексна;1;Яворівський р-н,  с.м.т. Івано-Франкове, Страдчівський НВК Укр ДЛТУ, Страдчівське л-во, кв. 14-22;Страдчівський навчально-виробничий лісокомбінат;1984*;;
;Разом пам`яток  природи комплексних;16;;1280,8;;;;;
1.    ;Група вікових лип і каштанів;пам`ятка природи;ботанічна;0,35;м.Городок СШ №2;СШ №2;1984*;;
2.    ;Алея вікових лип;пам`ятка природи;ботанічна;2;Буський р-н, с.Куткір;Селянська спілка с.Розгірче;1984*;;
3.    ;Вікова липа;пам`ятка природи;ботанічна;0,05;Городоцький р-н долина ріки Верещиці;Городоцький комбінат комунальних підприємств;1984*;;
4.    ;Віковий ясен;пам`ятка природи;ботанічна;0,05;м. Городок;Городоцький комбінат комунальних підприємств;1984*;;
5.    ;Віковий бук;пам`ятка природи;ботанічна;0,05;Городоцький р-н с.м.т. Великий Любінь;В.Любінська селищна рада народних депутатів;1984*;;
6.    ;Алея вікових лип;пам`ятка природи;ботанічна;0,5;Дрогобицький р-н, с. Смятинка;Рихтицька сільська рада Дрогобицького р-ну;1984*;;
7.    ;Група вікових лип;пам`ятка природи;ботанічна;3,5;Жидачівський р-н, с. Бортники;Бортниківська сільська рада Жидачівського р-ну;1984*;;
8.  ;Кипарис;пам`ятка природи;ботанічна;0,03;м. Жидачів, вул. Міцкевича, 29;Жидачівська контора банку “Україна”;1984*;;
9.    ;Алея вікових лип і дубів;пам`ятка природи;ботанічна;8;Жидачівський р-н, с. Лівчиці;Жидачівське районне шляхово-ремонтне управління;1984*;;
10.   ;Сасівська;пам`ятка природи;ботанічна;130;"Бродівський р-н,  Сасівське л-во,  кв. 41(1,4); кв. 42(1); кв. 44(4,5,7,8); кв. 45(1,2,4-6); кв. 46(1)";ДП «Золочівський лісгосп»;Рішення Львівської обласної ради народних депутатів № 34 від 07.02.91 р.;;
11. 11.;Алея вікових лип;пам`ятка природи;ботанічна;0,5;Жидачівський р-н, с. Тейсарів;селянська спілка с. Тейсарів;1984*;;
12.  ;Віковий дуб;пам`ятка природи;ботанічна;0,05;Золочівський р-н, с.м.т. Поморяни;Поморянська селищна рада;1984*;;
13.  ;Два вікових ясени;пам`ятка природи;ботанічна;0,05;Золочівський р-н, с.м.т. Глиняни;Глинянська селищна рада;1984*;;
14.  ;Липа Б. Хмельницького;пам`ятка природи;ботанічна;0,05;Золочівський р-н, с. Хмелева;Селянська спілка с. Хмелева;1984*;;
15.  ;Дендрарій “Радів”;пам`ятка природи;ботанічна;3,4;Миколаївський р-н, Роздільське л-во,  кв. 39(3,5);ДП «Стрийський лісгосп»;1984*;;
16.  ;Віковий дуб;пам`ятка природи;ботанічна;0,05;Миколаївськи1й р-н, с.Веринь;Розвадівська сільська рада;1984*;;
17.  ;Група вікових лип;пам`ятка природи;ботанічна;0,2;Жовківський р-н, с.м.т. Куликів;Куликівська селищна рада;1984*;;
18.  ;Група вікових дубів і лип;пам`ятка природи;ботанічна;0,05;Перемишлянський  р-н  с.Свірж;Львівська картинна галерея;1984*;;
19.  ;Три вікові дуби Б.Хмельницького;пам`ятка природи;ботанічна;0,07;Пустомитівський р-н, с.Підгірне;Миклашівська сільська рада;1984*;;
20.  ;Група вікових ясенів;пам`ятка природи;ботанічна;0,09;м. Радехів, райлікарня;Радехівська міська рада;1984*;;
21.  ;Віковий дуб;пам`ятка природи;ботанічна;0,05;Самбірський р-н, с. Чайковичі;селянська спілка с. Чайковичі;1984*;;
22.  ;Віковий дуб;пам`ятка природи;ботанічна;0,03;м. Сколе, вул. Князя Святослава, 13;Сколівська міська рада;1984*;;
23.  ;Віковий дуб;пам`ятка природи;ботанічна;0,03;м. Сколе (центр міста);Сколівська міська рада;1984*;;
24. 11.;Платан кленолистий;пам`ятка природи;ботанічна;0,03;м. Сколе, вул. Лісна;Сколівська міська рада;1984*;;
25.  ;Глід червонолистий;пам`ятка природи;ботанічна;0,06;м. Сколе;Сколівська міська рада;1984*;;
26.  ;Магнолія Суланжа;пам`ятка природи;ботанічна;0,05;м. Сколе;Сколівська міська рада;1984*;;
27.  ;Група вікових дубів;пам`ятка природи;ботанічна;0,15;м. Сколе;Сколівська міська рада;1984*;;
28.  ;Бузок угорський;пам`ятка природи;ботанічна;1,2;Сколівський р-н, Климецьке л-во,  кв.21(6);ДП «Славський лісгосп»;1984*;;
29.  ;Віковий ясен;пам`ятка природи;ботанічна;0,05;м. Сокаль, біля церкви;Районний комбінат комунальних підприємств;1984*;;
30.  ;Віковий ясен;пам`ятка природи;ботанічна;0,05;м. Сокаль, центр міста;Районний комбінат комунальних підприємств;1984*;;
31.  ;Декоративний бук червонолистої форми;пам`ятка природи;ботанічна;0,05;Старосамбірський р-н, м. Добромиль,  вул. Червоноармійська,28;Добромильська лікарня;1984*;;
32.  ;Група вікових ясенів та дубів;пам`ятка природи;ботанічна;0,07;Старосамбірський р-н, м. Добромиль, вул. Я. Галана. 3;Добромильська міська рада;1984*;;
33.  ;Вікова липа;пам`ятка природи;ботанічна;0,05;Старосамбірський р-н, м. Добромиль, вул. Я. Галана. 3;Добромильська міська рада;1984*;;
34.  ;Алея вікових лип;пам`ятка природи;ботанічна;0,23;Старосамбірський р-н, с. Муроване;Добромильська міська рада;1984*;;
35.  ;Дуб звичайний;пам`ятка природи;ботанічна;0,05;Стрийський р-н, Моршинське л-во,  кв. 68 (10);ДП «Стрийський лісгосп»;1984*;;
36.  ;Віковий клен;пам`ятка природи;ботанічна;0,05;Яворівський р-н, с. Дрогомишль;Нагачівська сільська рада;1984*;;
37.  ;Віковий платан;пам`ятка природи;ботанічна;0,05;Яворівський р-н, с. Дрогомишль;Нагачівська сільська рада;1984*;;
38.  ;Два вікових дуби;пам`ятка природи;ботанічна;0,05;Яворівський р-н, с. Дрогомишль;Нагачівська сільська рада;1984*;;
39.  ;Група вікових тополь;пам`ятка природи;ботанічна;1;Яворівський р-н, с. Дрогомишль;Нагачівська сільська рада;1984*;;
40.  ;Група вікових лип;пам`ятка природи;ботанічна;1;Яворівський р-н, с. Дрогомишль;Нагачівська сільська рада;1984*;;
41.  ;Дві тополі чорні;пам`ятка природи;ботанічна;0,05;Яворівський р-н, с. Дрогомишль;Нагачівська сільська рада;1984*;;
42.  ;Два вікових дуби;пам`ятка природи;ботанічна;0,05;Яворівський р-н, с. Старий Яричів;Залузька сільська рада;1984*;;
43.  ;Віковий дуб;пам`ятка природи;ботанічна;0,05;Яворівський р-н, с.м.т. Немирів;Адміністрація курорту “Немирів”;1984*;;
44.  ;Червонолистий бук;пам`ятка природи;ботанічна;0,05;м. Яворів, СШ №1;Яворівська СШ № 1;1984*;;
45.  ;Група вікових лип;пам`ятка природи;ботанічна;0,05;м. Яворів,  вул. Гребінки;Яворівська міськомунгосп;1984*;;
46.  ;Магнолія Кобус (3 екз);пам`ятка природи;ботанічна;0,08;м. Львів, вул. Рудницького,25;Міськжитлоуправління;1984*;;
47.  ;Магнолія Кобус;пам`ятка природи;ботанічна;0,05;м.Львів, вул.С.Бандери,12;Львівський національний політехнічний університет;1984*;;
48.  ;Магнолія Суланжа;пам`ятка природи;ботанічна;0,05;м.Львів, вул.Коновальця, 94;міський трест зеленого господарства;1984*;;
49.  ;Платан;пам`ятка природи;ботанічна;0,05;м. Львів, вул. Копистинського, 9;міськжитлоуправління;1984*;;
50.  ;Магнолія Кобус;пам`ятка природи;ботанічна;0,05;м. Львів, с.м.т. Брюховичі, Завадівське л-во (контора);ДП «Львівський лісгосп»;1984*;;
51.  ;Парикове дерево;пам`ятка природи;ботанічна;0,05;м. Львів, вул. Кибальчича, 11;міськжитлоуправління;1984*;;
52.  ;Тис ягідний (3 екз);пам`ятка природи;ботанічна;0,05;м. Львів, вул. Мушака, 54;4-та міська комунальна лікрня;1984*;;
53.  ;Магнолія Кобус;пам`ятка природи;ботанічна;0,05;м. Львів, вул. І. Франка, 133;Обласний дитячий еколого-натуралістичний центр;1984*;;
54.  ;Група вікових дубів, решток природних дубових лісів;пам`ятка природи;ботанічна;0,1;м. Львів, вул. Бойківська, 4;міський трест зеленого господарства;1984*;;
55.  ;Винники;пам`ятка природи;ботанічна;2,7;м. Львів,  м. Винники,  Винниківське л-во,  кв. 20 (6);ДП «Львівський лісгосп» ”;1984*;;
56.  ;Лісопарк “Погулянка”;пам`ятка природи;ботанічна;100,33;м. Львів;міський трест зеленого господарства;1984*;;
57.  ;Гінкго;пам`ятка природи;ботанічна;0,01;м. Дрогобич, вул. Словацького, 29;дитсадок;1984*;;
58.  ;Бук червонолистий;пам`ятка природи;ботанічна;0,01;м. Дрогобич вул. Стрийська, 443;нафтопереробний завод;1984*;;
59.  ;Група магнолій;пам`ятка природи;ботанічна;0,43;м. Дрогобич пл. Незалежності;комбінат комунальних підприємств;1984*;;
60.  ;Група сріблястих смерек;пам`ятка природи;ботанічна;0,02;м. Дрогобич вул. Стрийська, 443;комбінат комунальних підприємств;1984*;;
61.  ;Бук червонолистий (2 екз);пам`ятка природи;ботанічна;0,02;м. Дрогобич вул. Гоголя, 42;краєзнавчий музей “Дрогобиччина”;1984*;;
62.  ;Група тисів (4 екз);пам`ятка природи;ботанічна;0,05;м. Дрогобич вул. Міцкевича, 34;педінститут;1984*;;
63.  ;Група туй західних (7 екз);пам`ятка природи;ботанічна;0,08;м. Дрогобич вул. Міцкевича, 34;педінститут;1984*;;
64.  ;Магнолія китайська;пам`ятка природи;ботанічна;0,01;м. Дрогобич вул. Гоголя, 26;бальнеологічна лікарня;1984*;;
65.  ;Оцтове дерево;пам`ятка природи;ботанічна;0,01;м. Дрогобич вул. Гоголя,26;бальнеологічна лікарня;1984*;;
66.  ;Два вікові дуби;пам`ятка природи;ботанічна;0,02;М. Трускавець, ДП Дрогобицький ЛГ;ДП «Дрогобицький лісгосп»;1984*;;
67.  ;Дуб І. Франка;пам`ятка природи;ботанічна;0,05;м. Стрий, вул. Осипенка, 15;МПТУ-34;1984*;;
68.  ;Група тиса ягідного;пам`ятка природи;ботанічна;0,1;м. Стрий;дитсадок № 3;1984*;;
69.  ;Конвалія;пам`ятка природи;ботанічна;9,5;Бродівський р-н, Бродівське л-во,  кв. 17(6) ;ДП «Бродівський лісгосп»;Впорядковано рішенням Львівської обласної ради народних депутатів № 117 від 22.12.98 р;;
70.  ;Нестеровська;пам`ятка природи;ботанічна;1,2;Жовківський р-н, Вязівське л-во, кв. 45 (6);ДП «Жовківський лісгосп»;1984*;;
71.  ;Бук плакучої форми;пам`ятка природи;ботанічна;0,01;м. Трускавець;санаторій “Берізка”;1984*;;
72.  ;Тис ягідний;пам`ятка природи;ботанічна;0,01;м. Трускавець;санаторій “Кришталевий палац”;1984*;;
73.  ;Чотири дуби пірамідальної форми;пам`ятка природи;ботанічна;0,15;м. Самбір;міський комбінат комунальних підприємств;1984*;;
74.  ;Віковий ясен;пам`ятка природи;ботанічна;0,05;м. Самбір;міський комбінат комунальних підприємств;1984*;;
75.  ;Дві катальпи;пам`ятка природи;ботанічна;0,05;м. Яворів;міськкомунгосп;1984*;;
76.  ;Дугласія;пам`ятка природи;ботанічна;1,2;Сколівський р-н, Орівське л-во,  кв. 25(7), кв. 24(21);ДП «Сколівський лісгосп»;1984*;;
77.  ;Група дерев;пам`ятка природи;ботанічна;0,05;м. Стрий;Будинок дитячої творчості;1984*;;
78.  ;Магнолія;пам`ятка природи;ботанічна;0,05;м. Стрий;СШ № 2;1984*;;
79.  ;Віковий дуб;пам`ятка природи;ботанічна;0,05;м. Стрий, вул. Ломоносова,4;Стрийський міськкомунгосп;1984*;;
80.  ;Група дерев та кущів;пам`ятка природи;ботанічна;0,5;м. Стрий;Стрийський міськкомунгосп;1984*;;
81.  ;Кледрастис жовтий;пам`ятка природи;ботанічна;0,05;м. Львів, вул. Рудницького, 12;міськжитлоуправління;1984*;;
82.  ;Магнолія верболиста;пам`ятка природи;ботанічна;0,05;м. Львів, вул. Рудницького, 15;міськжитлоуправління;1984*;;
83.  ;Сосна румелійська;пам`ятка природи;ботанічна;0,05;м. Львів, вул. Труша, 19;міськжитлоуправління;1984*;;
84.  ;Ялиця кавказька;пам`ятка природи;ботанічна;0,05;м. Львів, вул.Труша, 19;міськжитлоуправління;1984*;;
85.  ;Сосна кедрова європейська;пам`ятка природи;ботанічна;0,05;м. Львів, вул. Труша, 24;міськжитлоуправління;1984*;;
86.  ;Дуб звичайний (пірамідальна форма);пам`ятка природи;ботанічна;0,05;м. Львів, вул. Труша, 23;міськжитлоуправління;1984*;;
87.  ;Гінкго дволопатеве;пам`ятка природи;ботанічна;0,05;м. Львів, вул. Ів. Франка, 122;міськжитлоуправління;1984*;;
88.  ;Тсуга канадська;пам`ятка природи;ботанічна;0,05;м. Львів, вул. Мушака, 54;4-та міська клінічна комунальна лікарня;1984*;;
89.  ;Кипарисовик горохоплідний;пам`ятка природи;ботанічна;0,05;м. Львів, вул.Мушака, 54;4-та міська клінічна комунальна лікарня;1984*;;
90.  ;Ялиця одноколірна;пам`ятка природи;ботанічна;0,05;м. Львів, вул. Мушака, 54;4-та міська клінічна комунальна лікарня;1984*;;
91.  ;Липа американська;пам`ятка природи;ботанічна;0,05;м. Львів, вул. Мушака, 54;4-та міська клінічна комунальна лікарня;1984*;;
92.  ;Гледичія;пам`ятка природи;ботанічна;0,05;м. Львів, вул. Котляревського, 15;міськжитлоуправління;1984*;;
93.  ;Коло Бадівського;пам`ятка природи;ботанічна;13,2;Кам_янко-Бузький р-н, с. Батятичі;Батятицька сільська Рада;Розпорядження голови облдержадміністрації № 1123 від 22.12.95 р.;;
94.  ;Дві магнолії;пам`ятка природи;ботанічна;0,05;м. Яворів;міськкомунгосп;1984*;;
95.  ;Тис;пам`ятка природи;ботанічна;0,05;м. Яворів;міськкомунгосп;1984*;;
96. ;Дендропарк імені Бенедикта Дибовського;пам`ятка природи;ботанічна;0,644;м. Львів;;Рішення Львівської обласної ради від  22.09.2010 р. № 1330;;
97. ;Дуб Длань Русі;пам`ятка природи;ботанічна;;"с. Велике Сокальського р-ну; Бендюзьке лісництво,  квартал 62, виділ 6";"ДП ""Радехівське ЛГ""  ";Рішення Львівської обласної ради від  14.07.2011 р. № 206;;
98. ;Ясен Яна Павліковського  ;пам`ятка природи;ботанічна;;м. Угнів Сокальського р-ну;Угнівська міська рада;Рішення Львівської обласної ради від 14.07.2011 р. № 206;;
99. ;Дуб Куличків  ;пам`ятка природи;ботанічна;;с. Куличків Сокальського р-ну;Великомостівська міська рада;Рішення Львівської обласної ради від 14.07.2011 р. № 206;;
100.    ;Дуб Виговського  ;пам`ятка природи;ботанічна;;с. Руда  Жидачівського р-ну;Рудянська сільська рада;Рішення Львівської обласної ради від 14.07.2011 р. № 206;;
101.    ;Дуб Вепрь  ;пам`ятка природи;ботанічна;;с. Піддністряни Жидачівського р-ну;Піддністрянська сільрада;Рішення Львівської обласної ради від 14.07.2011 р. № 206;;
102.    ;Зубрів дуб  ;пам`ятка природи;ботанічна;;с. Нова Скварява Жовківського р-ну;Новоскварявська сільська рада;Рішення Львівської обласної ради від 14.07.2011 р. № 206;;
103.    ;Дуб перемоги під Грюнвальдом;пам`ятка природи;ботанічна;;с. Свірж Перемишлянського р-ну;Свірзька сільська рада;Рішення Львівської обласної ради від 14.07.2011 р. № 206;;
104.    ;Ясен невідомого повстанця;пам`ятка природи;ботанічна;;с. Свірж Перемишлянського р-ну;Свірзька сільська рада;Рішення Львівської обласної ради від 14.07.2011 р. № 206;;
105.    ;Явір Захара Беркута  ;пам`ятка природи;ботанічна;;с. Тухолька  Сколівського р-ну;Тухольківська сільська рада;Рішення Львівської обласної ради від 14.07.2011 р. № 206;;
106.    ;Тополя-патріарх;пам`ятка природи;ботанічна;;с. Репехів  Жидачівського р-ну;Баковецька сільська рада;Рішення Львівської обласної ради від 14.07.2011 р. № 206;;
107.    ;Дуб Спасителя;пам`ятка природи;ботанічна;;с. Муроване  Сокальського р-ну;Мурованська сільська рада;Рішення Львівської обласної ради від 14.07.2011 р. № 206;;
108.    ;Липа родини Гошовських;пам`ятка природи;ботанічна;;с. Явора Турківського р-ну;Явірська сільська рада;Рішення Львівської обласної ради від 14.07.2011 р. № 206;;
109.    ;Липа Святого Михаїла  ;пам`ятка природи;ботанічна;;с. Бодячів  Сокальського р-ну;Смиківська сільська рада;Рішення Львівської обласної ради від 14.07.2011 р. № 206;;
110.    ;Липа Кравчуків  ;пам`ятка природи;ботанічна;;с. Коросне  Перемишлянського р-ну;Коросненська сільська рада;Рішення Львівської обласної ради від 14.07.2011 р. № 206;;
111.    ;Дуб Тараса Бульби-Боровця;пам`ятка природи;ботанічна;;с. Сприня  Самбірського р-ну;Монастирецька сільська рада;Рішення Львівської обласної ради від 14.07.2011 р. № 206;;
112.    ;Дерева Маркіяна Шашкевича  ;пам`ятка природи;ботанічна;;с. Підлисся Золочівського р-ну;Білокамінська сільська рада;Рішення Львівської обласної ради від 14.07.2011 р. № 206;;
113.;Франковий Дуб;пам`ятка природи;ботанічна;;м. Львів, вул. Воробкевича, 3;Громадянин Кметь Р. П.;Рішення Львівської обласної ради від 18 березня 2014 року № 989;;
;Разом пам`яток природи ботанічних ;113;;285,324;;;;;
1.;Джерело мінеральної води;пам`ятка природи;гідрологічна;0,05;Ст. Самбірський р-н, с. Стара Сіль;селянська спілка с. Стара Сіль;1984*;;
2.;Джерело мінеральної води;пам`ятка природи;гідрологічна;0,05;Ст. Самбірський р-н, с. Лавриків та с. Волошиново;селянська спілка с. Стара Сіль;1984*;;
3.;Джерело мінеральної води;пам`ятка природи;гідрологічна;0,05;Ст. Самбірський р-н, біля с. Грозьово;селянська спілка;1984*;;
4.;Свердловина № 6 (мін. води);пам`ятка природи;гідрологічна;0,3;Стрийський р-н, с. Баня Лисовецька;Прикарпатська територ. Рада профспілок;1984*;;
5.;Свердловина № 20 а;пам`ятка природи;гідрологічна;0,36;Стрийський р-н, курорт “Моршин”;Прикарпатська територ. Рада профспілок;1984*;;
6.;Свердловина № 17 а;пам`ятка природи;гідрологічна;0,36;Стрийський р-н, курорт “Моршин”;Прикарпатська територ. Рада профспілок;1984*;;
7.;Джерело мінеральної води “Олеська”;пам`ятка природи;гідрологічна;0,6;Буський р-н, с.м.т. Олесько;завод мінеральних вод;1984*;;
8.;Два джерела мінеральної води;пам`ятка природи;гідрологічна;0,2;Дрогобицький р-н, Східницьке л-во, кв. 7(13), кв. 5(7);ДП «Дрогобицький лісгосп»;1984*;;
9.;Витік ріки Куна;пам`ятка природи;гідрологічна;1;Жидачівський р-н, с. Вільховець;Вільховецька сільська рада;1984*;;
10.;Торфове болото;пам`ятка природи;гідрологічна;2;Самбірський р-н, с. Никловичі;селянська спілка с. Никловичі;1984*;;
11.;Водоспад “Гуркало;пам`ятка природи;гідрологічна;0,1;Сколівський р-н, с. Корчин;селянська спілка с. Корчин;1984*;;
12.;Криниця І.Франка;пам`ятка природи;гідрологічна;0,05;Сколівський р-н, с. Тухля;Тухлянська 8-мирічна школа;1984*;;
13.;Джерело мінеральної води;пам`ятка природи;гідрологічна;0,01;Сколівський р-н, с. Гребенів;Тухлянська сільська рада;1984*;;
14.;Джерело питтєвої води “Нафтуся”;пам`ятка природи;гідрологічна;0,1;Яворівський р-н, с.м.т. Шкло;адміністрація курорту;1984*;;
15.;Джерело № 1 курорту “Немирів”;пам`ятка природи;гідрологічна;0,2;Яворівський р-н, с.м.т. Немирів;адміністрація курорту;1984*;;
16.;Джерело № 2 курорту “Немирів”;пам`ятка природи;гідрологічна;0,2;Яворівський р-н, с.м.т. Немирів;адміністрація курорту;1984*;;
17.;Джерело № 3 курорту “Немирів”;пам`ятка природи;гідрологічна;0,2;Яворівський р-н, с.м.т. Немирів;адміністрація курорту;1984*;;
18.;Джерело № 5 курорту “Немирів”;пам`ятка природи;гідрологічна;0,2;Яворівський р-н, с.м.т. Немирів;адміністрація курорту;1984*;;
19.;Джерело № 6 курорту “Немирів”;пам`ятка природи;гідрологічна;0,2;Яворівський р-н, с.м.т. Немирів;адміністрація курорту;1984*;;
  20.;Джерело мінеральної води;пам`ятка природи;гідрологічна;0,2;Турківський р-н, с. Розлуч;Розлуцька сільська рада;1984*;;
21.;Джерело мінеральної води;пам`ятка природи;гідрологічна;0,3;Турківський р-н, с. Розлуч;Розлуцька сільська рада;1984*;;
  22.;Джерело мінеральної води;пам`ятка природи;гідрологічна;0,3;Турківський р-н, с. Розлуч;Розлуцька сільська рада;1984*;;
23.;Джерело мінеральної води;пам`ятка природи;гідрологічна;0,3;Турківський р-н, с. Карпати;Карпатська сільська рада;1984*;;
24.;Водоспад гірської річки Явірки;пам`ятка природи;гідрологічна;0,5;Турківський р-н, с. Мала Волосянка;Яворівська сільська рада;1984*;;
25.;Свердловина 1-К курорту “Любінь Великий”;пам`ятка природи;гідрологічна;0,25;Городоцький р-н, с.м.т. Любінь Великий;адміністрація курорту;1984*;;
26.;Джерело № 1 “Боніфацій”;пам`ятка природи;гідрологічна;0,65;м. Моршин;Прикарпатська рада курорту;1984*;;
27.;Джерело № 2 “Магдалина”;пам`ятка природи;гідрологічна;0,65;м. Моршин;Прикарпатська рада курорту;1984*;;
28.;Джерело № 3 “Людмила”;пам`ятка природи;гідрологічна;0,65;м. Моршин;Прикарпатська рада курорту;1984*;;
29.;Джерело № 4;пам`ятка природи;гідрологічна;0,36;м. Моршин;Прикарпатська рада курорту;1984*;;
30.;Джерело № 1 “Нафтуся” курорту “Трускавець”;пам`ятка природи;гідрологічна;0,3;м. Трускавець;Трускавецька територіальна курортна рада по управлінню курортами профспілок;1984*;;
31.;Джерело № 6 (колишній “Едвард”) курорту “Трускавець”;пам`ятка природи;гідрологічна;0,3;м. Трускавець;Трускавецька територіальна курортна рада по управлінню курортами профспілок;1984*;;
32.;Джерело № 7 (колишній  “Фердинанд”) курорту “Трускавець”;пам`ятка природи;гідрологічна;0,3;м. Трускавець;Трускавецька територіальна курортна рада по управлінню курортами профспілок;1984*;;
33.;Джерело № 11 (колишня “Юзя”) курорту “Трускавець”;пам`ятка природи;гідрологічна;0,3;м. Трускавець;Трускавецька територіальна курортна рада по управлінню курортами профспілок;1984*;;
;Разом пам`яток природи гідрологічних;33;;11,59;;;;;
1.;Відслонення тортонських пісковиків;пам`ятка природи;геологічна;80;Бродівський р-н, с. Підгірці;селянська спілка с. Підгірці;1984*;;
2.;Ерозійний останець морських рифів Товтрів або Медоборів Сарматського віку в околицях с. Підкамінь;пам`ятка природи;геологічна;0,3;Бродівський р-н, с. Підкамінь; Підкамінська селищна рада;1984*;;
3.;Відклади крейдових порід, відслонених в басейні р.       біля с.м.т. Журавно і Старе Село;пам`ятка природи;геологічна;4;Жидачівський р-н, с.м.т. Журавно;Монастионастирецька сільська рада;1984*;;
4.;Скеля “Великий Камінь”;пам`ятка природи;геологічна;0,1;Золочівський р-н, Словітське л-во, кв. 4 (8);ДП «Золочівський лісгосп»;1984*;;
5.;Відслонення тортонських пісковиків із скупченням викопної тортонської фауни;пам`ятка природи;геологічна;12,1;Миколаївський р-н, с. Тростянець;Димівська сільська рада;1984*;;
6.;Бориславський розріз палеогену;пам`ятка природи;геологічна;2;м. Борислав, лівий берег  р. Тисмениці;Нафтогазодобувне управління “Бориславнафтогаз”;1984*;;
7.;Найбільш продуктивна нафтова свердловина № 298;пам`ятка природи;геологічна;0,03;м. Борислав, вул. Б. Хмельницького, 64;Нафтогазодобувне управління “Бориславнафтогаз”;1984*;;
8.;Скеля з трьома печерами;пам`ятка природи;геологічна;51;Миколаївський р-н, Бориницьке л-во,  кв. 32 (3,4);ДП «Стрийський лісгосп»;1984*;;
9.;Відслонення;пам`ятка природи;геологічна;1;м. Рудки;Рудківська міська рада;1984*;;
10.;Залишки польодовикової морени з викопним торфовищем;пам`ятка природи;геологічна;8,6;Мостиський р-н, с. Крукеничі;Крукеницька сільська рада;1984*;;
11.;Валуни польодовикового періоду;пам`ятка природи;геологічна;0,3;Мостиський р-н, с. Воляновичі;Золоткевицька сільська рада;1984*;;
12.;Печера “Писана криниця”;пам`ятка природи;геологічна;0,1;Сколівський р-н, Волосянське л-во,  кв. 12 (27);ДП «Славський лісгосп»;1984*;;
13.;Скеля “Соколів Камінь” - останець Ямненського пісковика”;пам`ятка природи;геологічна;5,5;Старосамбірський р-н, Спаське л-во,  кв. 24(10);ДП «Старосамбірський лісгосп»;1984*;;
14.;Печера;пам`ятка природи;геологічна;0,3;Турківський р-н, Сможанське л-во,  кв.29 (7);ДП «Славський лісгосп»;1984*;;
15.;Скеля;пам`ятка природи;геологічна;0,5;Турківський р-н, с. В. Висоцьке;В.Висоцька сільська рада;1984*;;
16.;Скеля;пам`ятка природи;геологічна;0,5;Турківський р-н, с.м.т. Бориня;Боринська селищна рада;1984*;;
17.;Кортумова гора;пам`ятка природи;геологічна;21,4;м. Львів;трест зеленого господарства;1984*;;
18.;Медова печера;пам`ятка природи;геологічна;1,2;м. Львів;трест зеленого господарства;1984*;;
19.;Красний Камінь;пам`ятка природи;геологічна;1,7;Сколівський р-н, Верхньосиньовиднівське л-во, кв. 13(1);ДП «Сколівське» ЛГ;Рішення Львівської міської ради від 22.09.2010 р. № 1331;;
;Разом пам`яток природи геологічних;19;;190,63;;;;;
;Всього пам’яток природи місцевого значення ;181;;1768,344;;;;;
                 ;Всього територій та об`єктів ПЗФ місцевого значення ;325;;92926,8873;;;;;
;Всього територій та об`єктів ПЗФ;350;;157478,1873;;;;;