№ з.п.;Назва території чи об’єкта ПЗФ;Категорія ;Тип;Площа, га;Місце розташування  території чи об`єкту ПЗФ;Назва установи, підпрємства, організації, землекористувача (землевласника), у віданні якого знаходиться територія чи об’єкт ПЗФ;Рішення, згідно з яким створено (змінено) дану територію чи об’єкт ПЗФ;
Території та об`єкти ПЗФ загальнодержавного значення;;;;;;;;
1.;Рівненський;природний заповідник;;42289;Володимирецький, Дубровицький, Рокитнівський,  Сарненський райони;Рівненський природний заповідник;Указ ПрезидентаУкраїни № 356/99 від 03.04.1999р. (зі змінами постанова КМУ № 1271 від 14.08.2003р.);
;Всього природних заповідників;1;;42289;;;;
1;Дермансько-Острозький;національний природний парк;;5448,3;Здолбунівський, Острозький;-;Указ Президента України від 11.12.2009р. № 1039;
;Всього національних природних парків;1;;5448,3;;;;
1;Почаївський;заказник;ландшафтний;905;"Висоцьке лісництво: кв.67 вид.1-16; кв.75, кв.76 вид. 1-21, кв. 77;  Людинське л-тво: кв.10, 11  кв. 8 вид. 22-44, 47;   кв.9 вид. 9-29; кв.11 вид 1-32";ДП “Висоцький лісгосп”,    ДП СЛАП “Дубровмицький держспецлісгосп”;Постанова РМ УРСР № 132 від 25.02.1980р. (зі змінами Постанови РМ УРСР № 5 від 7.01.85р. та зі змінами рішення облвиконкому № 98 від 18.06.1991р.);
;Разом заказників ландшафтних;1;;905;;;;
1;Висоцький;заказник;лісовий ;110;Більське л-во: кв. 1 вид. 1-17;ДП “Висоцький лісгосп”;Постанова РМ УРСР № 434 від 02.11.1984р. ;
;Разом заказників лісових;1;;110;;;;
1;Хіноцький;заказник;ботанічний;2267;"Хіноцьке лісництво: кв. 1, 2, 4, 5, 9; Степангородське лісництво: кв. 30, 33, 34, 37, 38, 41, 42;";ДП “Володимирецький лісгосп”;Постанова РМ УРСР № 132 від 25.02.1980р. ;
2;Озерський;заказник;ботанічний;1276;"Дубровицький район Людинське лісництво: кв. 1, 14-16, 20-23, 26, 27;  Золотинське лісництво: кв.1-3; Лісівська сільська рада кв. 28 вид. 1-10";ДП “Висоцький лісгосп”,     Лісівська сільська рада , ДП СЛАП “Дубровмицький держспецлісгосп”;Постанова РМ УРСР № 646 від 29.12.1981р. (зі змінами Постанови РМ УРСР № 5 від 7.01.85р.);
3;Сварицевицький;заказник;ботанічний;2210;Дубровицький район Сварицевицьке лісництво: кв. 26-45;ДП “Зарічненський лісгосп”;Постанова РМ УРСР № 646 від 29.12.1981р. (зі змінами рішення облвиконкому № 98 від 18.06.1991р.);
4;Золотинський;заказник;ботанічний;3016;"Дубровицький район Золотинське лісництво: кв. 31, 32, 39, 40, 41, 47, 48; Висоцьке л-во: кв. 30, 31, 32, 39, 41, 47, 51, 52; Лісівське л-во: кв. 1-5, 18-20, 33-35, 51, 52;  Літвицьке л-во: кв. 1, 2, 11-13, 22-24, 33;";ДП “Висоцький лісгосп”     ДП “Дубровицький лісгосп”;Постанова РМ УРСР № 646 від 29.12.1981р. (зі змінами Постанови РМ УРСР № 5 від 7.01.85р.);
5;Вичівський;заказник;ботанічний;2752;"Вичівське л-во: кв.19-21, 25, 29, 34, 35, 39, 40, 43, 44; кв. 3, 4, 10, 16";ДП “Зарічненський лісгосп”   Вичівська сільська рада;Постанова РМ УРСР № 646 від 29.12.1981р. (зі змінами Постанови РМ УРСР № 5 від 7.01.85р. та зі змінами рішення облвиконкому № 98 від 18.06.1991р.);
6;Суський;заказник;ботанічний;298;Костопільський район Суське л-во: кв. 9-11;ДП “Клеванський лісгосп”;Постанова РМ УРСР № 434 від 02.11.1984р. ;
7;Бущанський;заказник;ботанічний;385;"Острозький район кв.29 вид.1-7, 9-14, 16-28, 30-33; кв.30 вид.1-32 ";ДП СЛП “Острозький держспецлісгосп”,  Кутянківська сільська рада;Постанова РМ УРСР № 434 від 02.11.1984р.;
8;Вишнева гора;заказник;ботанічний;97;Рівненський район;Шпанівська сільська рада;Постанова РМ УРСР № 500 від 28.10.1974р. ;
;Разом заказників ботанічних;8;;12301;;;;
1;Урочище “Брище”;заказник;загально-зоологічний;100;Березнівський район Князівське лісництво: кв. 16 вид.6-49;ДП “Березнівський лісгосп”;Постанова РМ УРСР № 500 від 28.10.1974 р. ;
 ;Разом заказників загально-зоологічних;1;;100;;;;
1;Острівський;заказник;гідрологічний;2423;"Зарічненський район Острівське л-во: кв. 14-34; Локницьке л-во: кв. 58, 59, 61, 62";ДП “Зарічненський лісгосп”,   Кух.Вільська сільська рада;Постанова РМ УРСР № 132 від 25.02.1980р. (зі змінами Постанови РМ УРСР № 5 від 7.01.85р. та зі змінами рішення облвиконкому № 98 від 18.06.1991р.);
2;Дібрівський;заказник;гідрологічний;881;"Зарічненський район Дібрівське л-во: кв.1-4, 6-8; Серницьке л-тво кв. 20 вид. 24-28"; ДП “Зарічненський лісгосп”,  ДП СЛАП “Зарічненський держспецлісгосп”, Дібрівська сільська рада ;Постанова РМ УРСР № 132 від 25.02.1980р. (зі змінами Постанови РМ УРСР № 5 від 7.01.85р. та зі змінами рішення облвиконкому № 98 від 18.06.1991р.);
;Разом заказників гідрологічних;2;;3304;;;;-
;Всього заказників загальнодержавного значення;13;;16720;;;;
1;Урочище “Теремно”;пам`ятка природи;комплексна;91;"Острозький район Новомалинське л-во:  кв. 48 вид. 8, 18-21;  кв. 49 вид.1, 25-30;  кв.54 вид.1, 7, 8, 11, 12,16;  кв. 55 вид. 1-3";ДП „Острозький лісгосп”;Розпорядження РМ УРСР № 780-р від 14.10.75р. (зі змінами рішення облвиконкому № 98 від 18.06.1991р. та рішення облради № 584 від 27.05.05р.);
;Разом пам`яток природи комплексних;1;;91;;;;
1;Урочище “Хвороща”;пам`ятка природи;ботанічна;37,2;Млинівський район Млинівське л-тво: кв. 42 вид. 1, 5, 8, 9, 10, 11 ,12, 15, 17, 19/1;ДП „Млинівський лісгосп”;Розпорядження РМ УРСР № 780-р від 14.10.75р. (зі змінами рішення облвиконкому № 98 від 18.06.1991р.);
2;Урочище “Острожчин”;пам`ятка природи;ботанічна;54;Острозький район Хорівське л-во: кв.26 вид. 1-4;ДП „Острозький лісгосп”;Розпорядження РМ УРСР № 780-р від 14.10.75р. (зі змінами рішення облвиконкому № 98 від 18.06.1991р. та рішення облради № 584 від 27.05.05р.);
3;Юзефінська дача;пам`ятка природи;ботанічна;100;Рокитнівський район Глинівське л-во: кв. 14 крім вид. 5, 7, 8, 10, 12, 12.1, 13, 14, 33, 35, 36, 63;ДП „Рокитнівський лісгосп”;Розпорядження РМ УРСР № 780-р від 14.10.75 р. (зі змінами рішення облвиконкому № 98 від 18.06.1991р.);
4;Урочище “Нетреба”;пам`ятка природи;ботанічна;52;Рокитнівський район Борівське л-во: кв. 5 вид. 1, 1.1;ДП „Рокитнівський лісгосп”;Розпорядження РМ УРСР № 780-р від 14.10.75 р. (зі змінами рішення облвиконкому № 98 від 18.06.1991р.);
;Разом пам`яток природи ботанічних;4;;243,2;;;;
1;Урочище “Олександрівка”;пам`ятка природи;зоологічна;13;Дубенський район Мирогощанське л-во: кв. 26 вид.10;ДП „Дубенський лісгосп”;Розпорядження РМ УРСР № 780-р від 14.10.75р. (зі змінами рішення облвиконкому № 98 від 18.06.1991р.);
;Разом пам`яток природи зоологічних;1;;13;;;;
1;Озеро Велике Почаївське ;пам`ятка природи;гідрологічна;58;"Дубровицький район Висоцьке л-во: кв. 67 вид.14; кв.75 вид. 5; кв.76 вид. 1";ДП „Висоцький лісгосп”;Розпорядження РМ УРСР № 780-р від 14.10.75р. (зі змінами рішення облвиконкому № 98 від 18.06.1991р.);
2;Озеро “Стрільське”;пам`ятка природи;гідрологічна;15;Сарненський район Карпилівське л-во: кв. 17, 18, 27, 28 ;ДП „Сарненський лісгосп”;Розпорядження РМ УРСР № 780-р від 14.10.75р. (зі змінами рішення облвиконкому № 98 від 18.06.1991р.);
;Разом пам`яток природи гідрологічних;2;;73;;;;
;Всього пам`яток природи загальнодержавного значення;8;;420,2;;;;
1;Дендрологічний парк Березнівського лісового коледжу;дендрологічний парк;;29,5;м.Березне;Березнівський лісовий коледж;Постанова РМ УРСР № 53 від 13.02.1989р.;
;Всього дендрологічних парків загальнодержавного значення;1;;29,5;;;;
1;Рівненський зоопарк;зоологічний парк;;11,6;м.Рівне;ДКП “Рівненський зоопарк” Рівненського міськвиконкому;Указ ПрезидентаУкраїни № 1341/98 від 09.12.1998р.;
;Всього зоопарків загальнодержавного значення;1;;11,6;;;;
1;Рівненський парк культури і відпочинку ім.Т.Г.Шевченка;парк-пам`ятка садово-паркового мистецтва;;32;м.Рівне;Державне комунальне п-во міського об’єднання парків культури та відпочинку;Постанова колегії Держкомприроди УРСР № 14 від 25.07.1973р. (Постанова Держкомприроди УРСР № 18 від 30.08.90р.);
2;Гощанський парк;парк-пам`ятка садово-паркового мистецтва;;7;смт.Гоща;Гощанська селищна рада;Постанова колегії Держкомприроди УРСР № 22 від 26.07.1972р. (Постанова Держкомприроди УРСР № 18 від 30.08.90р.);
;Всього парків-пам`яток садово-паркового мистецтва загальнодержавного значення;2;;39;;;;
;Всього територій та об`єктів ПЗФ загальнодержавного значення;27;;64957,6;;;;
Території та об’єкти ПЗФ місцевого значення;;;;;;;;
1;Соколині гори;заказник;ландшафтний;510;Березнівський р-н Жовтневе  л-во: кв. 1, 2, 4, 5  кв.54 вид.9-16   кв. 59 вид. 1-6;" ДП „Соснівський лісгосп” ДП СЛАП ""Березнівський держспецлісгосп"",  СВСК ""Агроліс"",  Губківська сільська рада, Марининська сільська рада";Рішення облвиконкому № 343 від 22.11.83р. (зі змінами рішення облвиконкому № 98 від 18.06.1991р.);
2;Агатівка;заказник;ландшафтний;403;Гощанський р-н Гощанське л-во: кв. 18, 19, 20;ДП „Острозький лісгосп”;Рішення облради № 322 від 5.03.04р.;
3;Кузьмівський;заказник;ландшафтний;450;Сарненський р-н Кузьмівське л-во: кв. 13, 14, 22, 23;ДП „Березнівський лісгосп”;Рішення облради № 33 від 28.02.95р.;
4;Урочище “Каліжари”;заказник;ландшафтний;447;Сарненський р-н Малинське л-во: кв. 29-31, 36 ;ДП „Березнівський лісгосп”;Рішення облради № 33 від 28.02.95р.;
5;Урочище “Звіринець”;заказник;ландшафтний;83,8;Здолбунівський р-н кв. 42 вид. 2-12;ДП СЛАП “Здолбунівський держспецлісгосп”;Рішення облради № 584 від 27.05.05р.;
6;Північно-Мостівський;заказник;ландшафтний;18,1;Здолбунівський р-н кв. 60 вид. 26-28;ДП СЛАП “Здолбунівський держспецлісгосп”;Рішення облради № 584 від 27.05.05р.;
7;Південно-Мостівський;заказник;ландшафтний;17,7;Здолбунівський р-н Мостівське л-во: кв. 48 вид. 1-8, 10;ДП “Острозький лісгосп”;Рішення облради № 584 від 27.05.05р. (зі змінами рішення облради № 1331 від 25.09.09р.);
8;Сапожинський ліс;заказник;ландшафтний;31,9;Гощанський район Гощанське л-во: кв. 17 вид. 3, 5, 8, 9;ДП “Острозький лісгосп”;Рішення облради № 584 від 27.05.05р.;
9;Урочище “Сочута”;заказник;ландшафтний;214;Корецький район Більчаківське л-во: кв.58, 59;ДП “Соснівський лісгосп”;Рішення облради № 584 від 27.05.05р.;
10;Передільські горби;заказник;ландшафтний;25,7;Рівненський район с.Малий Шпаків;Малошпаківська сільська рада;Рішення облради № 584 від 27.05.05р.;
;Разом заказників ландшафтних;10;;2201,2;;;;
1;Більчаківський;заказник;лісовий;17;Березнівський р-н Більчаківське л-во: кв. 51 вид.21, 28, 29 ; ДП „Соснівський лісгосп”;Рішення облвикон­кому  № 343 від 22.11.83р. (зі змінами рішення облвиконкому № 98 від 18.06.1991р. та рішення облради № 1331 від 25.09.09р.);
2;Остроганський;заказник;лісовий;168,4;"Березнівський р-н Більчаківське л-во: кв. 39 вид.1, кв. 48 вид.1, 6; кв. 49 вид.11, 21; кв. 56 вид.7,  кв. 57 вид.1, 11, 16, 17, 18";ДП „Соснівський лісгосп”;Рішення облради № 69 від 19.03.99р.;
3;Березівський;заказник;лісовий;23,7;Березнівський р-н Більчаківське л-во: кв. 11 вид.12, кв. 10 вид.13, 24;ДП „Соснівський лісгосп”;Рішення облради № 322 від 5.03.04р.;
4;Літвицький;заказник;лісовий;77,4;"Дубровицький район Літвицьке л-во: кв. 27; кв. 28 вид. 5";ДП „Дубровицький лісгосп”;Рішення облвикон­кому № 343 від 22.11.83 р. (зі змінами рішення облвиконкому № 98 від 18.06.1991р. та зі змінами облради № 69 від 19.03.1999р.);
5;Ольхава;заказник;лісовий;539;Здолбунівський район кв 67, кв. 68: вид. 1-10, 12-29, 31-33, 36-46, 51-53 кв. 69, 70, 71 вид. 14-17  кв. 72;ДП СЛАП „Здолбунівський держспецлісгосп”;Рішення облради   № 33 від 28.02.95р.;
6;Будеразький;заказник;лісовий;100;Здолбунівський район Мостівське л-во: кв. 40 ;ДП „Острозький лісгосп”;Рішення облвикон­кому № 343 від 22.11.83 р. (зі змінами рішення облвиконкому № 98 від 18.06.1991р. та рішення облради № 1331 від 25.09.09р.);
7;Мостівський;заказник;лісовий;189,5;"Здолбунівський район Мостівське л-во: кв. 59 вид.20; кв. 60 вид.3; кв. 71 вид.1, 3, 6; кв. 72 вид.1, 8";ДП „Острозький лісгосп”;Рішення облвикон­кому № 343 від 22.11.83 р. (зі змінами рішення облвиконкому № 98 від 18.06.1991р. та зі змінами рішення облради № 584 від 27.05.2005р. та № 1331 від 25.09.09р.);
8;Базальтівський;заказник;лісовий;38;Костопільський район Базальтівське л-во: кв. 19 вид.5, 7;ДП „Костопільський лісгосп”;Рішення облвиконкому № 343 від 22.11.83р. (зі змінами рішення облвиконкому № 98 від 18.06.1991р.);
9;Новоставський;заказник;лісовий;40;Рівненський р-н Новоставське л-во: кв. 19 вид.9, 11, 12;ДП „Клеванський лісгосп”;Рішення облвикон­кому № 343 від 22.11.83р. (зі змінами рішення облвиконкому № 98 від 18.06.1991р.);
10;Урочище “Медин”;заказник;лісовий;20;Рокитнівський район Рокитнівське л-во: кв.6 вид.2, 3, 5, 6, 10, 14, 15;ДП „Рокитнівський лісгосп”;Рішення облвиконкому № 343 від 22.11.83 р. (зі змінами рішення облвиконкому № 98 від 18.06.1991р.);
11;Немирівський ліс;заказник;лісовий;192;"Радивилівський район кв. 89 вид. 1-32; кв. 90 вид. 1-3; 10-24, 27-29";ДП СЛАП “Радивилівський держспецлісгосп”;Рішення облвиконкому № 98 від 18.06.91р.;
12;Карасинський;заказник;лісовий;267;"Сарненський район Карпилівське л-во:  кв. 17 вид. 1-42, 44-46; кв. 18 вид. 1-23, 25-37; кв. 27 вид.1, 2, 5-36; кв. 28 вид. 2-23";ДП „Сарненський лісгосп”;Рішення облвикон­кому № 343 від 22.11.83р. (зі змінами рішення облвиконкому № 98 від 18.06.1991р. та рішення облради № 1438 від 18.12.2009р.);
13;Костянтинівський;заказник;лісовий;0,8;Сарненський район Костянтинівське л-во: кв. 60 вид.24;ДП „Сарненський лісгосп”;Рішення облвиконкому № 343 від 22.11.83 р. (зі змінами рішення облвиконкому № 98 від 18.06.1991 р.);
14;Чабельський;заказник;лісовий;51;Сарненський район Чабельське л-во: кв. 20 вид.23,  кв. 21 вид.27, кв. 27 вид.19 ;ДП „Клесівський лісгосп”;Рішення облвикон­кому № 343 від 22.11.83р. (зі змінами рішення облвиконкому № 98 від 18.06.1991р.);
15;Урочище “Берці”;заказник;лісовий;288;Сарненський район Малинське л-во: кв. 18-20;ДП „Березнівський лісгосп”;Рішення облради № 33 від 28.02.95р.;
16;Урочище “Павлівщина”;заказник;лісовий;131;Рівненський район Решуцьке л-во: кв. 51;ДП “Клеванський лісгосп”;Рішення облради № 584 від 27.05.05р.;
;Разом заказників лісових;16;;2142,8;;;;
1;Болото Гало;заказник;ботанічний;6,5;Березнівський район Щекичинське л-во: кв. 43 вид.47,48, 49;ДП „Соснівський лісгосп”;Рішення облради № 322 від 5.03.04р.;
2;Озерський;заказник;ботанічний;1840;Володимирецький район Озерецьке л-во: кв.1, 2, 5-7, 10-15, 17-20;ДП „Володимирецький лісгосп”;Рішення облвиконкому № 343 від 22.11.83 р. (зі змінами рішення облвиконкому № 98 від 18.06.1991р.);
3;Мульчицький;заказник;ботанічний;3860;"Володимирецький район, Озерецьке л-во: кв. 24а-28а, 30а, 31а, 33а, 37а-39а; (Зарічненський р-н) Мульчицьке л-во: кв. 3, 5, 7, 8, 15-18, 23, 24, 27-32; Привітівське л-тво кв. 46, 47, 48, 49";"ДП „Володимирецький лісгосп”,     ДП СЛАП ""Зарічненський держспецлісгосп""";Рішення облвиконкому № 343 від 22.11.83 р. (зі змінами рішення облвиконкому № 98 від 18.06.1991р.);
4;Партизанський;заказник;ботанічний;1942;Володимирецький район Партизанське л-во: кв. 12, 15, 16, 23, 24, 25, 32-40;ДП „Володимирецький лісгосп”;Рішення облвиконкому № 343 від 22.11.83р. (зі змінами рішення облвиконкому № 98 від 18.06.1991р.);
5;Красносільський;заказник;ботанічний;934;Володимирецький район Красносільське л-во: кв.15, 24-26, 40-43;ДП „Володимирецький лісгосп”;Рішення облвикон­кому № 98 від 18.06.1991 р. (зі змінами рішення облради № 322 від 05.03.2004р. та № 584 від 27.05.2005р.;
6;Воронківський;заказник;ботанічний;123;Володимирецький район с.Воронки;Воронківська сільська рада;"Рішення облвикон­кому № 98 від 18.06.1991р. (зі змінами рішення облради № 58 від 29.10.2002р.; № 322 від 05.03.2004р. та №584 від 27.05.2005р.";
7;Урочище “Вижар”;заказник;ботанічний;36;Володимирецький район Центральне л-тво: кв.57 вид. 12, 16;"Довговільська сільська рада, ДП СЛАП ""Володимирецький держспецлісгосп""";Рішення облвикон­кому № 343 від 22.11.83р. (зі змінами рішення облвиконкому № 98 від 18.06.1991р.);
8;Урочище “Липне”;заказник;ботанічний;40;Володимирецький район Центральне л-тво: кв.32 вид. 4;"Красносільської сільська рада, ДП СЛАП ""Володимирецький держспецлісгосп""";Рішення облвикон-кому № 343 від 22.11.83р. (зі змінами рішення облвиконкому № 98 від 18.06.1991р.);
9;Урочище “Озарінь”;заказник;ботанічний;90;Володимирецький район Центральне л-тво: кв.10;"Воронківська сільська рада, ДП СЛАП ""Володимирецький держспецлісгосп""";Рішення облвикон-кому № 343 від 22.11.83р. (зі змінами рішення облвиконкому № 98 від 18.06.1991р.);
10;Урочище “Потки”;заказник;ботанічний;9;Володимирецький район Центральне л-тво: кв.13 виділ 44 (3,1 га);"Воронківська сільська рада, ДП СЛАП ""Володимирецький держспецлісгосп""";Рішення облвикон-кому № 343 від 22.11.83р. (зі змінами рішення облвиконкому № 98 від 18.06.1991р.);
11;Урочище “Бережани”;заказник;ботанічний;400;Дубенський район с.Турковичі;Птицька сільська рада;Рішення облвикон­кому № 98 від 18.06.91р.;
12;Корнинський;заказник;ботанічний;77;Рівненський район Здолбунівське л-во: кв.1, 2;ДП „Рівненський лісгосп”;Рішення облвикон­ко­му № 343 від 22.11.83 р. (зі змінами рішення облвиконкому № 98 від 18.06.1991р.);
13;Кунинська дача;заказник;ботанічний;200;Здолбунівський район Здолбунівське л-во: кв. 34-38;ДП „Рівненський лісгосп”;Рішення облвикон­кому № 343 від 22.11.83 р. (зі змінами рішення облвиконкому № 98 від 18.06.1991р.);
14;Рокитнянська діброва;заказник;ботанічний;54;Костопільський район Костопільське л-во: кв. 42;ДП „Костопільський лісгосп”;Рішення облвикон­кому № 213 від 13.10.93 р.;
15;Урочище “Бір”;заказник;ботанічний;579,2;Острозький район Новомалинське л-во: кв. 1-3, 7, 8 (за винятком вид. 16, 30), 13, 14, 17 (за винятком вид. 22);ДП „Острозький лісгосп”;Рішення облвикон­ко­му № 213 від 13.10.93 р. (зі змінами рішення облради № 322 від 05.03.2004р. та № 584 від 27.05.2005 року);
16;Гориньград;заказник;ботанічний;8;Рівненський район Олександрійське л-во: кв. 47 вид.17, 18;ДП „Рівненський лісгосп”;Рішення облради № 322 від 5.03.04р.;
17;Єльнівський;заказник;ботанічний;3548;"Рокитнівський район Єльнівське л-во: кв. 1-10, 12-20, кв. 24 вид.1, 2, 4, 6-8, 12, 14-18, 20, 23, 24, 27, 28, 31-40, 42-48; кв. 27 вид. 1-11 , 13-19; кв. 28 вид. 1-10, 12-24, 26-30, 32-38; кв. 30 вид. 1-11, 13-34; кв. 31 вид. 1-8, 10-13, 15-27, 29-34, 36-48, 50-58;  кв. 39 вид. 1- 13, 15- 20, 22-29;  кв. 40 вид. 1, 2, 4, 5, 7 ,9-19, 21-37, 40-45; кв. 49 вид. 1-3, 5-13, 14-30, 32-35, 37-47; кв. 50 вид. 1-16, 18-20, 22-29;  кв. 51 вид. 1-9, 11-15, 17-40, 42-50; кв. 52 вид.1-39, 41-59.";ДП „Клесівський лісгосп”;Рішення облвикон­кому № 343 від 22.11.83 р. (зі змінами рішення облвиконкому № 98 від 18.06.1991р. та рішення облради № 1331 від 25.09.2009р.);
18;Грабунський;заказник;ботанічний;769;Рокитнівський район Березівське л-во: кв. 31-34, 36-38;ДП „Рокитнівський лісгосп”;Рішення облвикон­кому № 343 від 22.11.83 р. (зі змінами рішення облвиконкому № 98 від 18.06.1991р. та рішення облради № 1331 від 25.09.2009р.);
19;Глиннівський;заказник;ботанічний;2130;Рокитнівський район Глинівське л-во: кв. 12, 13, 21-23, 30-33, 42-45, 48-51, 56, 57;ДП „Рокитнівський лісгосп”;Рішення облвикон­кому № 343 від 22.11.83 р. (зі змінами рішення облвиконкому № 98 від 18.06.1991р.);
20;Більський;заказник;ботанічний;1865;Рокитнівський район Рокитнівське л-во: кв. 65-68, 70, 71, 73-77, 79-84;ДП „Рокитнівський лісгосп”;Рішення облвикон­кому № 343 від 22.11.83 р. (зі змінами рішення облвиконкому № 98 від 18.06.1991р. та рішення облради № 1331 від 25.09.2009р.);
21;Залавський;заказник;ботанічний;3064,7;Рокитнівський район Залавське л-во: кв. 23-25, 29-31, 34-37, 41-52, 54-56, 59, 62;ДП „Рокитнівський лісгосп”;Рішення облвикон­кому № 343 від 22.11.83 р. (зі змінами рішення облвиконкому № 98 від 18.06.1991р. та рішення облради № 1331 від 25.09.2009р.);
22;Мушнянський;заказник;ботанічний;2018;Рокитнівський район Мушнянське л-во: кв. 2-4, 6-16, 19, 20, 23, 24, 27, 28, 35, 36;ДП „Остківський лісгосп”;Рішення облвикон­кому № 343 від 22.11.83 р. (зі змінами рішення облвиконкому № 98 від 18.06.1991р.);
23;Карпилівський;заказник;ботанічний;700;Рокитнівський район Карпилівське л-во: кв.54 вид.1-10, кв.55 вид. 1, 3-36;"Карпилівська сільська рада, ДП ""СЛАП ""Рокитнівський держспецлісгосп""";Рішення облвикон­кому № 343 від 22.11.83 р. (зі змінами рішення облвиконкому № 98 від 18.06.1991р.);
24;Плавський;заказник;ботанічний;600;Рокитнівський район Сновидовицьке л-во: кв. 5 вид. 1, 3, 4, 14-36, 39, 41;"Кам’янська сільська рада, ДП ""СЛАП ""Рокитнівський держспецлісгосп""";Рішення облвикон­кому № 343 від 22.11.83 р. (зі змінами рішення облвиконкому № 98 від 18.06.1991р.);
25;Білинський;заказник;ботанічний;100;Рокитнівський район Біловізьке л-во: кв. 36-38, 40-42;ДП „Остківський лісгосп”;Рішення облвикон­кому № 343 від 22.11.83 р. (зі змінами рішення облвиконкому № 98 від 18.06.1991р.);
26;Урочище “Солонівське”;заказник;ботанічний;103;Радивилівський район с.Солонів;Пляшевська сільська рада;Рішення облвикон­кому № 343 від 22.11.83 р. (зі змінами рішення облвиконкому № 98 від 18.06.1991р.);
27;Урочище “Ситенське”;заказник;ботанічний;67;Радивилівський район с.Ситне;Купецька сільська рада;Рішення облвикон­кому № 343 від 22.11.83р. (зі змінами рішення облвиконкому № 98 від 18.06.1991р.);
28;Михайлівський;заказник;ботанічний;199,8;Радивилівський район Радивилівське л-во: кв. 104, 105 кв. 106 (за винятком вид.27);ДП „Дубенський лісгосп”;Рішення облвикон­кому № 345 від 16.12.86 р. (зі змінами рішення облвиконкому № 98 від 18.06.1991р. та зі змінами рішення облради № 58 від 29.10.2002р.);
29;Лев’ятинське болото;заказник;ботанічний;23;Радивилівський район кв.54 вид.5-7, 9-16;ДП СЛАП “Радивилівський держспецлісгосп”;Рішення облвиконкому № 98 від 18.06.91р.;
30;Урочище “Кишка”;заказник;ботанічний;422;"Радивилівський район кв. 63 вид.7-29; кв.66 вид.1-9; кв.67 вид. 1-8";Крупецька сільська рада, ДП СЛАП “Радивилівський держспецлісгосп”;Рішення облради № 33 від 28.02.95р.;
31;Урочище “Савчуки”;заказник;ботанічний;65,6;Радивилівський район кв. 24 вид. 1-9;ДП СЛАП “Радивилівсь-кий держспецлісгосп”;Рішення облради № 33 від 28.02.95р.;
32;Бабинський ліс;заказник;ботанічний;137,8;"Гощанський район Гощанське л-во: квартали 13; квартал 14 (за винятком вид.2)";ДП “Острозький лісгосп”;Рішення облради № 584 від 27.05.05р. (зі змінами рішення облради № 1331 від 25.09.09р.);
33;Квітуча гора;заказник;ботанічний;50;Дубенський район кв. 23 вид.1-5, 18;Мильчанська сільська рада  ДП СЛАП “Дубенський держспецлісгосп”;Рішення облради № 584 від 27.05.05р.;
34;Заплава річки Збитенка;заказник;ботанічний;112,5;Здолбунівський район с.Мости;Будеразька сільська рада;Рішення облради № 584 від 27.05.05р.;
35;Болото Кругляк;заказник;ботанічний;32,6;Здолбунівський район с.Святе;Будеразька сільська рада;Рішення облради № 584 від 27.05.05р.;
36;Великоозерянський;заказник;ботанічний;6111;Дубровицький район Будимлянське л-тво: кв. 40-43 Великочеремельське л-тво: кв.13, 17, 22, 23, 27-30, 34-56 Великоозерянське л-тво: кв. 1-4, 48-52, 54-63, 65-66;ДП “Дубровицький лісгосп”;Рішення Рівненської обласної ради № 1195 від 27.03.2009р.;
37;Колобанки;заказник;ботанічний;50;Здолбунівський р-н.;Копитківська сільська рада;Рішення Рівненської обласної ради  від 16.11.2012р. № 787;
38;Грабовещина;заказник;ботанічний;4,3;Млинівський район кв. 19 вид. 29, 30, 34 ;ДП СЛАП “Млинівський держспецлісгосп”;Рішення Рівненської обласної ради№ 1195 від 27.03.2009р.;
;Разом заказників ботанічних;38;;32372;;;;
1;Урочище “Брище”;заказник;загально-зоологічний;850;"Березнівський район Князівське л-во: кв.5 вид.12-18, 20-21, 25; кв.6 вид.21; кв.8 вид.1-8, 22-23; кв.12 вид.18-26; кв.15 вид.1-19; кв. 16 вид.1-5; кв.17 вид.1-36; кв.19 вид. 2-7, 29, 32; кв.20 вид.21-26, 28;  Бобрівське л-во: кв.13 вид.1-37; кв.14 вид. 1-27; кв.20 вид.26-37; кв.26 вид.1-30; кв.34 вид.1-3; кв.35 вид.1-13; кв. 36 вид.11-33; кв.37 вид.31-43; кв.47 вид. 1-11; кв. 48 вид. 1-16; кв.49 вид. 1-2, 33-34";ДП „Березнівський лісгосп”;Рішення облвиконкому № 343 від 22.11.83 р. (зі змінами рішення облвиконкому № 98 від 18.06.1991р. та рішення облради № 1331 від 25.09.09р.);
2;Мутвицький;заказник;загально-зоологічний;3985;Зарічненський район Мутвицьке л-во: кв. 1-13, 19-43, 47;ДП „Зарічненський лісгосп”;Рішення облради № 33 від 28.02.95 р. (зі змінами рішення облради № 322 від 05.03.2004р. та № 584 від 27.05.2005р.);
3;Урочище “Поличне”;заказник;загально-зоологічний;219;Зарічненський район Річецьке л-во: кв. 28,29;ДП „Зарічненський лісгосп”;Рішення облвикон­кому № 343 від 22.11.83 р. (зі змінами рішення облвиконкому № 98 від 18.06.1991р.);
4;Урочище “Глуша”;заказник;загально-зоологічний;183;Зарічненський район  ;Кутинська сільська рада;Рішення облвиконкому № 343 від 22.11.83 р. (зі змінами рішення облвиконкому № 98 від 18.06.1991р. та рішення облради № 78 від 06.03.1997р.);
5;Масевицький, Урочище “Старики”;заказник;загально-зоологічний;1577;Рокитнівський район Масевицьке л-во: кв. 3, 5, 6, 10, 13, 14, 19, 23, 24, 29, 34, 35, 39, 47, 48;ДП „Рокитнівський лісгосп”;Рішення облвиконкому № 343 від 22.11.83 р. (зі змінами рішення облвиконкому № 98 від 18.06.1991 р.);
6;Осницький;заказник;загально-зоологічний;300;"Рокитнівський район Рокитнівське л-во: кв. 8, 12, 13; кв. 3 вид. 1";ДП „Рокитнівський лісгосп”;Рішення облвиконкому № 343 від 22.11.83р. (зі змінами рішення облвиконкому № 98 від 18.06.1991р. та рішення облради № 1331 від 25.09.2009р.);
;Разом заказників загально-зоологічних;6;;7114;;;;
1;Урочище “Стирське”;заказник;орнітологічний;273;"Володимирецький район   Центральне л-тво: кв.1 вид.1, 2, 4; кв.3 вид.1; кв. 6 вид.17 (0,7 га)";"Біленська сільська рада, Великотелковицька сільська рада  ДП СЛАП ""Володимирецький держспецлісгосп""";Рішення облвиконкому № 343  від 22.11.83 р. (зі змінами рішення облвиконкому № 98 від 18.06.1991р.);
2;Урочище “Романщина”;заказник;орнітологічний;90;Володимирецький район с.Каноничі;Каноницька сільська рада;Рішення облвиконкому № 343 від 22.11.83р. (зі змінами рішення облвиконкому № 98 від 18.06.1991р.);
3;Урочище “Хрінники”;заказник;орнітологічний;1,3;Демидівський район Дублянське л-во: кв. 53 вид.10;ДП „Млинівський лісгосп”;Рішення облвиконкому № 343 від 22.11.83 р. (зі змінами рішення облвиконкому № 98 від 18.06.1991 р.);
4;Урочище “Вичавки”;заказник;орнітологічний;40;Демидівський район;Хрінницька сільська рада;Рішення облвиконкому № 343 від 22.11.83 р. (зі змінами рішення облвиконкому № 98 від 18.06.1991р.);
5;Нобельський;заказник;орнітологічний;510;Зарічненський район Морочнівське л-тво: кв.17 вид.3, 6, 36, 37;"Нобельська сільська рада, ДП СЛАП ""Зарічненський держспецлісгосп""";Рішення облвиконкому № 343 від 22.11.83р. (зі змінами рішення облвиконкому № 98 від 18.06.1991р.);
6;Мар’янівський;заказник;орнітологічний;215;"Костопільський район Моквинське л-во:  кв. 25 вид.3, 4, 5, 7-12, 18-20, 21, 23-25, 29, 48-50; кв. 29 вид 5-7, 19-21; кв.30 вид. 1, 2, 5, 6, 25, 26; кв.31 вид. 1, 2, 10, 27, 28 Костопільське л-во: кв. 21  вид. 1-16, 25-28";ДП „Костопільський лісгосп”,       ДП СЛАП “Костопільський держспецлісгосп”;Рішення облвиконкому № 343 від 22.11.83 р. (зі змінами рішення облвиконкому № 98 від 18.06.1991р. та рішення облради № 1331 від 25.09.2009р.);
7;Збитенський;заказник;орнітологічний;200;Острозький район кв.23 вид.32, 33, 37, 38, 41;ДП СЛАП “Остозький держспецлісгосп”, Підприємець Співак В.М.;Рішення облвиконкому № 213 від 13.10.93 р.;
8;Урочище “Чортове болото”;заказник;орнітологічний;163;Костопільський район Деражнинське л-во: кв. 26-28;ДП „Клеванський лісгосп”;Рішення облвикон­кому № 98 від 18.06.91р. (зі змінами рішення облради № 1331 від 25.09.2009р.);
9;Урочище “Вовча гора”;заказник;орнітологічний;64;Сарненський район;Костянтинівська сільська рада Красько В.І.;Рішення облвиконкому № 343 від 22.11.83 р. (зі змінами рішення облвиконкому № 98 від 18.06.1991р.);
;Разом заказників орнітологічних;9;;1556,3;;;;
1;Рясниківський;заказник;ентомологічний;15;Гощанський район кв.10 вид. 1-5, 9, 11;"ДП СЛАП ""Гощанський держспецлісгосп""";Рішення облвикон­кому № 343 від 22.11.83 р. (зі змінами рішення облвиконкому № 98 від 18.06.1991р.);
2;М’ятинський;заказник;ентомологічний;12;Гощанський район кв. 12;"Посягвівська сільська рада, ДП СЛАП ""Гощанський держспецлісгосп""";Рішення облвикон­кому № 343 від 22.11.83 р. (зі змінами рішення облвиконкому № 98 від 18.06.1991р.);
3;Озерянський;заказник;ентомологічний;3;Дубенський район с.Озеряни;Озерянська сільська рада;Рішення облвиконкому № 343 від 22.11.83 р. (зі змінами рішення облвиконкому № 98 від 18.06.1991р.);
4;Клинцівський;заказник;ентомологічний;30;Дубенський район с.Клинці;Гірницька сільська рада;Рішення облвиконкому № 343 від 22.11.83р. (зі змінами рішення облвиконкому № 98 від 18.06.1991р.);
5;Ясинівський;заказник;ентомологічний;22;Дубенський район кв.45 вид. 1-5;ДП СЛАП „Дубенський держспецлісгосп”;Рішення облвикон­ко­му № 343 від 22.11.83р. (зі змінами рішення облвиконкому № 98 від 18.06.1991р.);
6;Нараївський;заказник;ентомологічний;27;Дубенський район с.Нараїв;Княгининська сільська рада ;Рішення облвикон­ко­му № 343 від 22.11.83 р. (зі змінами рішення облвиконкому № 98 від 18.06.1991р.);
7;Ступнівський;заказник;ентомологічний;59;Здолбунівський район кв. 33 вид. 4-8 кв.35 вид.20-24 кв.37 вид 9;ДП СЛАП „Здолбунівський держспецлісгосп”;Рішення облвикон­кому № 343 від 22.11.83 р. (зі змінами рішення облвиконкому № 98 від 18.06.1991 р.) ;
8;Стеблівський;заказник;ентомологічний;7;Здолбунівський район кв. 11 вид. 15, 16;ДП СЛАП „Здолбунівський держспецлісгосп”;Рішення облвикон­кому № 343 від 22.11.83 р. (зі змінами рішення облвиконкому № 98 від 18.06.1991 р.);
9;Коршівський;заказник;ентомологічний;32;Здолбунівський район кв. 14 вид. 2-8;ДП СЛАП „Здолбунівський держспецлісгосп”;Рішення облвикон­кому № 343 від 22.11.83 р. (зі змінами рішення облвиконкому № 98 від 18.06.1991р.);
10;Мощаницький;заказник;ентомологічний;44;Здолбунівський район кв. 47 вид. 24-34;ДП СЛАП „Здолбунівський держспецлісгосп”;Рішення облвикон­кому № 343 від 22.11.83 р. (зі змінами рішення облвиконкому № 98 від 18.06.1991 р.);
11;Будеразький;заказник;ентомологічний;46;Здолбунівський район кв. 43 вид. 24-27, 60-62 кв. 44 вид. 1-7;ДП СЛАП „Здолбунівський держспецлісгосп”;Рішення облвикон­кому № 343 від 22.11.83 р. (зі змінами рішення облвиконкому № 98 від 18.06.1991р.);
12;Точевицький;заказник;ентомологічний;6;Острозький район кв. 21 вид.17-18;Білашівська сільська рада, ДП СЛАП „Острозький держспецлісгосп”;Рішення облвикон­кому № 343 від 22.11.83 р. (зі змінами рішення облвиконкому № 98 від 18.06.1991 р.);
13;Розвазький;заказник;ентомологічний;5;Острозький район с.Хорів;Хорівська сільська рада;Рішення облвикон­кому № 343 від 22.11.83 р. (зі змінами рішення облвиконкому № 98 від 18.06.1991р.);
14;Грушвицький;заказник;ентомологічний;10;Рівненський район Сморжівське л-тво: кв. 61;"ДП ""Клеванський лісгосп""";Рішення облвикон­кому № 343 від 22.11.83р. (зі змінами рішення облвиконкому № 98 від 18.06.1991р.);
15;Підгірцівський;заказник;ентомологічний;14;Рівненський район с.Підгірці;Малошпаківська сільська рада;Рішення облвикон­кому № 343 від 22.11.83р. (зі змінами рішення облвиконкому № 98 від 18.06.1991р.);
16;Колоденський;заказник;ентомологічний;12;Рівненський район с.Колоденка;Корнинська сільська рада;Рішення облвикон­кому № 343 від 22.11.83р. (зі змінами рішення облвиконкому № 98 від 18.06.1991р.);
;Разом заказників кетомологічних;16;;344;;;;
1;Прип’ятський;заказник;іхтіологічний;3155;"Зарічненський район Морочнівське л-тво: кв.12 вид.1, 2, 3, 4; кв.13 вид. 1, 2, 3, 25, 26; кв.16 вид. 1; кв.17 вид. 1, 2, 3, 4, 5";"Неньковицька сільська рада, Нобельська сільська рада, Сенчицька сільська рада, ДП СЛАП ""Зарічненський держспецлісгосп""";Рішення облвиконкому № 343 від 22.11.83 р. (зі змінами рішення облвиконкому № 98 від 18.06.1991р.);
2;Деражненський;заказник;іхтіологічний;100;Костопільський район с.Деражне;Деражненська сільська рада;Рішення облвикон­кому № 343 від 22.11.83 р. (зі змінами рішення облвиконкому № 98 від 18.06.1991р.);
;Разом заказників іхтіологічних ;2;;3255;;;;
1;Полянський;заказник;гідрологічний;555;Березнівський район с.Поляни;ТзОВ „Березнериба”;Рішення облвиконкому № 98 від 18.06.91р. (зі змінами рішення облради № 69 від 19.03.99р.);
2;Урочище “Порода”;заказник;гідрологічний;36;Володимирецький район;Володимирецька селищна рада;Рішення облвиконкому № 343 від 22.11.83р. (зі змінами рішення облвиконкому № 98 від 18.06.1991р.);
3;Урочище “Верба”;заказник;гідрологічний;148;Дубенський район с.Верба;Стовпецька сільська рада;Рішення облвиконкому № 343 від 22.11.83 р. (зі змінами рішення облвиконкому № 98 від 18.06.1991р.);
4;Урочище “Студянка”;заказник;гідрологічний;64;Дубенський район с.Студянка;Шепетинська сільська рада;Рішення облвиконкому № 343 від 22.11.83 р. (зі змінами рішення облвиконкому № 98 від 18.06.1991р.);
5;Урочище “Стрілки”;заказник;гідрологічний;35;Дубенський район с.Плоска;Плосківська сільська рада, ПП Лущан Р.В.;Рішення облвиконкому № 343 від 22.11.83 р. (зі змінами рішення облвиконкому № 98 від 18.06.1991р.);
6;Дібрівський;заказник;гідрологічний;106;Зарічненський район Дібрівське л-во: кв. 10;ДП „Зарічненський лісгосп”;Рішення облради № 33 від 28.02.95р.;
7;Урочище “Добрятин”;заказник;гідрологічний;129;Млинівський район;Добрятинська сільська рада;Рішення облвикон­кому № 343 від 22.11.83р. (зі змінами рішення облвиконкому № 98 від 18.06.1991р.);
8;Урочище “М’ятин”;заказник;гідрологічний;152;Млинівський район с.М’ятин ;Хорупанська сільська рада;Рішення облвикон­кому № 343 від 22.11.83 р. (зі змінами рішення облвиконкому № 345 від 16.12.86 р. та зі змінами рішення облради № 584 від 27.05.2005 року);
9;Збитенський;заказник;гідрологічний;483;"Острозький район Новомалинське л-во: кв. 15, 16, 38 кв.23 вид. 34; кв.31 вид.1-29, 35-45, 56-61 "; ДП „Острозький лісгосп”,  ДП СЛАП “Острозький держспецлісгосп”, підприємець Співак В.М.;Рішення облвиконкому № 10 від 23.01.90 р. (зі змінами рішення облвиконкому № 98 від 18.06.1991р. та зі змінами рішення облради № 584 від 27.05.2005 року);
10;Заплава річки Іква;заказник;гідрологічний;534;Дубенський район Любомирське л-во: кв.73-76, 94-98;ДП “Дубенський лісгосп”;Рішення облради № 584 від 27.05.05р.;
11;Заплава річки Стир;заказник;гідрологічний;200;Млинівський район;Ярославицька сільська рада;Рішення облради № 584 від 27.05.05р.;
;Разом заказників гідрологічних;11;;2442;;;;
1;Мізоцький кряж;заказник;геологічний;2255;"Дубенський район Любомирське л-во: кв. 20, 21, 30-35, 54-57, 132-134, 138-142 Мостівське л-во: кв. 25-31, 47; кв. 48 (за винятком вид. 12, 15), кв. 49 (вид. 9, 13), кв. 50  Новомалинське л-во: кв. 46, 47; кв. 48 (вид. 1-7, 9-17, 22-27), кв. 52,  кв. 53";ДП „Дубенський лісгосп”,    ДП „Острозький лісгосп”;Рішення облвиконкому № 343 від 22.11.83р. (зі змінами рішення облвиконкому № 98 від 18.06.1991р.та зі змінами рішення облради № 322 від 05.03.2004р.,  № 584 від 27.05.2005р. та № 1331 від 25.09.09р.);
2;Маренинсько-Устянські граніти;заказник;геологічний;170;Корецький район, Березнівський район кв.55 вид. 1, 3, 5  кв. 55 вид. 2, 4, 6-12 кв. 59 вид. 8, 9, 10;"Устянська сільська рада, Марининська сільська рада ДП СЛАП “Березнівський держспецлісгосп”, СВСК ""Агроліс""";Рішення облвиконкому № 343 від 22.11.83р. (зі змінами рішення облвиконкому № 98 від 18.06.1991р.);
3;Корецькі граніти;заказник;геологічний;15;Корецький район;Корецька міська рада;Рішення облвиконкому № 343 від 22.11.83р. (зі змінами рішення облвиконкому № 98 від 18.06.1991р.);
4;Яр “Каменярня”, урочище “Біла дебря” ;заказник;геологічний;20;Млинівський район Вовковиївське л-тво:  кв. 10 вид.1 (6,2 га), вид. 7, 8, 15-19;ДП “Млинівський лісгосп”;Рішення облвиконкому № 343 від 22.11.83р. (зі змінами рішення облвиконкому № 98 від 18.06.1991р. та рішення облради № 1438 від 18.12.2009р.);
;Разом заказників геологічних ;4;;2460;;;;
;Всього заказників місцевого значення;112;;53887,3;;;;
1;Болото-блюдце;пам`ятка природи;комплексна;1,2;Березнівський район Жовтневе л-во: кв. 11 вид.11;ДП „Соснівський лісгосп”;Рішення облради № 322 від 5.03.04 р.;
2;Старі дуби;пам`ятка природи;комплексна;1;Березнівський район Щекичинське л-во: кв. 25 вид.9, 16, 19;ДП „Соснівський лісгосп”;Рішення облради № 322 від 5.03.04 р.;
3;Володимирецький парк;пам`ятка природи;комплексна;3;Володимирецький район смт.Володимирець ;Володимирецька ЗОШ І-ІІІ ст.№3;Рішення облвиконкому № 343 від 22.11.83р. (зі змінами рішення облвиконкому № 98 від 18.06.1991р.);
4;Висоцький дендропарк;пам`ятка природи;комплексна;1,5;Дубровицький район Висоцьке л-тво: кв.79 вид. 2;ДП „Висоцький лісгосп”;Рішення облвиконкому № 343 від 22.11.83р. (зі змінами рішення облвиконкому № 98 від 18.06.1991р. та рішення облради № 1331 від 25.09.2009р.);
5;Більський дендропарк;пам`ятка природи;комплексна;1;Дубровицький район Більське л-во: кв. 8 вид. 3;ДП „Висоцький лісгосп”;Рішення облвиконкому № 343 від 22.11.83р. (зі змінами рішення облвиконкому № 98 від 18.06.1991р. та рішення облради № 1331 від 25.09.2009р.);
6;Урочище “Жаденське”;пам`ятка природи;комплексна;0,6;Дубровицький район Жаденське л-во: кв.25 вид.8;ДП „Висоцький лісгосп”;Рішення облвиконкому № 343 від 22.11.83 р. (зі змінами рішення облвиконкому № 98 від 18.06.1991р. та рішення облради № 1331 від 25.09.2009р.);
7;Трипутнянський парк;пам`ятка природи;комплексна;3;Дубровицький парк Трипутнянське л-во: кв. 27 вид. 36;ДП „Дубровицький лісгосп”;Рішення облвиконкому № 343 від 22.11.83р. (зі змінами рішення облвиконкому № 98 від 18.06.1991р.);
8;Дендропарк Острозького держлісгоспу;пам`ятка природи;комплексна;0,6;Острозький район ;Острозька міська рада;Рішення облвикон­кому № 343 від 22.11.83р. (зі змінами рішення облвиконкому № 98 від 18.06.1991р.);
9;Рокитнівський дендропарк;пам`ятка природи;комплексна;1,8;Рокитнівський район ;ДП „Рокитнівський лісгосп”;Рішення облради № 98 від 18.06.91 р.;
10;Стоянка партизан;пам`ятка природи;комплексна;98;Сарненський район Чабельське л-во: кв. 59;ДП „Клесівський лісгосп”;Рішення облвикон­кому № 343 від 22.11.83р. (зі змінами рішення облвиконкому № 98 від 18.06.1991р.);
11;Сарненський дендропарк;пам`ятка природи;комплексна;1,5;Сарненський район Сарненське л-во: кв. 78 вид. 9;ДП „Сарненський лісгосп”;Рішення облвиконкому № 343 від 22.11.83 р. (зі змінами рішення облвиконкому № 98 від 18.06.1991р. та рішення облради № 1438 від 18.12.2009р.);
12;"Дендропарк ""Радивилівський""";пам`ятка природи;комплексна;0,7;Радивилівський район м.Радивилів;Радивилівська міська рада;Рішення облради № 33 від 28.02.95р. ;
13;"Парк ""Зарічненський""";пам`ятка природи;комплексна;0,6;Радивилівський район;Іващуківська сільська рада ;Рішення облради № 33 від 28.02.95р.;
;Разом пам`яток природи комплексних;13;;114,5;;;;
1;Насадження сосни чорної;пам`ятка природи;ботанічна;1;Березнівський район Березнівське л-во: кв. 44 вид.16;ДП „Березнівський лісгосп”;Рішення облвиконкому № 343 від 22.11.83 р. (зі змінами рішення облвиконкому № 98 від 18.06.1991р. та рішення облради № 1331 від 25.09.2009р.);
2;Насадження сосни веймутової;пам`ятка природи;ботанічна;0,4;Березнівський район Балашівське л-во: кв. 31 вид.38;ДП „Березнівський лісгосп”;Рішення облвиконкому № 343 від 22.11.83 р. (зі змінами рішення облвиконкому № 98 від 18.06.1991р. та рішення облради № 1331 від 25.09.2009р.);
3;Вовкова;пам`ятка природи;ботанічна;13,9;Березнівський район Більчаківське л-во: кв. 30 вид.1, 7, 10, 16, 19;ДП „Соснівський лісгосп”;Рішення облради № 69 від 13.03.99р. ;
4;Страусове перо;пам`ятка природи;ботанічна;20,2;"Березнівський район Жовтневе л-во: кв. 19 вид.2, 4, 5; кв. 20 вид.1, 2, 3, 11";ДП „Соснівський лісгосп”;Рішення облради № 322 від 5.03.04 р. (зі змінами рішення облради № 584 від 27.05.2005 року);
5;Плющ звичайний;пам`ятка природи;ботанічна;13;Березнівський район Жовтневе л-во: кв. 25 вид.5;ДП „Соснівський лісгосп”;Рішення облради № 322 від 5.03.04р.;
6;Дуб-велетень;пам`ятка природи;ботанічна;1,3;Демидівський район Дублянське л-во: кв. 53 вид.21;ДП „Млинівський лісгосп”;Рішення облвиконкому № 343 від 22.11.83 р. (зі змінами рішення облвиконкому № 98 від 18.06.1991р. та змінами рішення облради № 584 від 27.05.2005р.);
7;Лиса гора;пам`ятка природи;ботанічна;4;Дубенський район;ССВК „Лісовик”;Рішення облвиконкому № 343 від 22.11.83р. (зі змінами рішення облвиконкому № 98 від 18.06.1991р.);
8;Віковічні дуби;пам`ятка природи;ботанічна;3;Дубровицький район;ДП „Дубровицький лісгосп”;Рішення облвиконкому № 343 від 22.11.83р. (зі змінами рішення облвиконкому № 98 від 18.06.1991р.);
9;Псевдотсуга тисолиста;пам`ятка природи;ботанічна;0,1;Зарічненський район с.Мутвиця;Морочненська сільська рада;Рішення облвиконкому № 343 від 22.11.83р. (зі змінами рішення облвиконкому № 98 від 18.06.1991р.);
10;Озеро “Мале”;пам`ятка природи;ботанічна;2,8;Зарічненський район Дубрівське л-во: кв. 13 вид. 30;ДП „Зарічненський лісгосп”;Рішення облради №213 від 13.10.93 р.;
11;300-річні липи;пам`ятка природи;ботанічна;0,1;Здолбунівський район с.Дермань Друга;Дерманська Друга сільська рада;Рішення облвиконкому № 343 від 22.11.83р. (зі змінами рішення облвиконкому № 98 від 18.06.1991р.);
12;400-річний каштан;пам`ятка природи;ботанічна;0,1;Здолбунівський район с.Дермань;Дерманська  школа-інтернат;Рішення облвиконкому № 343 від 22.11.83р. (зі змінами рішення облвиконкому № 98 від 18.06.1991р.);
13;Віковічні липи;пам`ятка природи;ботанічна;0,1;Здолбунівський район с.Уїздці;Уїздецька сільська рада;Рішення облвиконкому № 343 від 22.11.83р. (зі змінами рішення облвиконкому № 98 від 18.06.1991р.);
14;Дерманська;пам`ятка природи;ботанічна;120;Здолбунівський район с.Дермань Друга;"ЗАТ ""Лісовик"" ТзОВ ""Захід-Агро""";Рішення облвиконкому № 69  від 13.03.1999р.;
15;Печений Віл;пам`ятка природи;ботанічна;12,7;Млинівський район с.Кораблище;Кораблищенська сільська рада;Рішення облради № 33 від 28.02.95 р.;
16;Віковічний каштан;пам`ятка природи;ботанічна;0,1;Рівненський район с.Шубків;Шубківська сільська рада;Рішення облвикон­кому № 343 від 22.11.83р. (зі змінами рішення облвиконкому № 98 від 18.06.1991р.);
17;Хвощ великий;пам`ятка природи;ботанічна;6,2;Рівненський район с.Решуцьк;Кустинська сільська рада;Рішення облради № 33 від 28.02.95р.;
18;Острів;пам`ятка природи;ботанічна;15;Рівненський район с.Городок;Городоцька сільська рада;Рішення облради № 33 від 28.02.95р.;
19;Купринівське дерево;пам`ятка природи;ботанічна;0,1;Сарненський район с.Кузьмівка;Кузьмівська сільська рада;Рішення облвикон­кому № 343 від 22.11.83р. (зі змінами рішення облвиконкому № 98 від 18.06.1991р.);
20;Рідкісне дерево сосни;пам`ятка природи;ботанічна;0,1;Сарненський район;Рівненський природний заповідник;Рішення облвикон­кому № 343 від 22.11.83р. (зі змінами рішення облвиконкому № 98 від 18.06.1991р.);
21;Букова алея;пам`ятка природи;ботанічна;0,1;Сарненський район с.Пугач;Клесівська селищна рада;Рішення облради № 213 від 13.10.93р.;
22;Дерево гледичії;пам`ятка природи;ботанічна;0,1;Радивилівський район м.Радивилів;Радивилівська міська рада;Рішення облради № 33 від 28.02.95р.;
23;Вікові дерева сосни;пам`ятка природи;ботанічна;0,1;Радивилівський район Радивилівське л-во: кв. 113 вид.10;ДП „Дубенський лісгосп”;Рішення облради № 33 від 28.02.95р.;
24;Пороховня;пам`ятка природи;ботанічна;1,9;Радивилівський район с.Дружба;Бугаївська сільська рада;Рішення облради № 33 від 28.02.95р. ;
25;Острів “Замок”;пам`ятка природи;ботанічна;4;Радивилівський район с.Козин;Іващуківська сільська рада;Рішення облвиконкому № 343 від 22.11.83р. (зі змінами рішення облвиконкому № 98 від 18.06.1991р.);
26;Липа серцелиста;пам`ятка природи;ботанічна;0,1;Березнівський район м.Березне;Березнівська міська рада;Рішення облради № 584 від 27.05.05р.;
27;Гіркокаштан звичайний;пам`ятка природи;ботанічна;0,1;Березнівський район м.Березне;Березнівська міська рада;Рішення облради № 584 від 27.05.05р.;
28;Микитина сосна;пам`ятка природи;ботанічна;0,1;Березнівський район с.Березне;Балашівська сільська рада;Рішення облради № 584 від 27.05.05р.;
29;Липа-велетень;пам`ятка природи;ботанічна;0,1;Корецький район с.Світанок;Світанівська сільська рада;Рішення облради № 584 від 27.05.05р.;
30;Угілецька тополя;пам`ятка природи;ботанічна;0,01;Гощанський район Поблизу с.Угільці;Бугринська сільська рада ;Рішення облради № 263 від 22.04.2011р.;
31;Дуб башинський ;пам`ятка природи;ботанічна;0,01;Гощанський район с.Башине;Бугринська сільська рада;Рішення облради № 263 від 22.04.2011р.;
;Разом пам`яток природи ботанічних;31;;220,82;;;;
1;Більчаківське джерело;пам`ятка природи;гідрлогічна;3;Березнівський район с.Більчаки;Марининська сільська рада;Рішення облвиконкому № 343 від 22.11.83р. (зі змінами рішення облвиконкому № 98 від 18.06.1991р.);
2;Лісове болітце;пам`ятка природи;гідрлогічна;3,5;Березнівський район Щекичинське л-во: кв. 50 вид.8, 9;ДП „Соснівський лісгосп”;Рішення облради № 322 від 5.03.04 р.;
3;Цепцевицьке джерело;пам`ятка природи;гідрлогічна;0,5;Володимирецький район с.В.Цепцевичі;Великоцепцевицька сільська рада;Рішення облвиконкому № 343 від 22.11.83р. (зі змінами рішення облвиконкому № 98 від 18.06.1991р.);
4;Джерело “Батиївка”  ;пам`ятка природи;гідрлогічна;1;Здолбунівський район с.Дермань Друга;Дерманська Друга сільська рада;Рішення облвикон­кому № 343 від 22.11.83р. (зі змінами рішення облвиконкому № 98 від 18.06.1991р.);
5;Природне джерело;пам`ятка природи;гідрлогічна;0,3;Рівненський район с.Хотинь;Шпанівська  сільська рада;Рішення облвиконкому № 343 від 22.11.83р. (зі змінами рішення облвиконкому № 98 від 18.06.1991р.);
6;Озеро “Карпилівське”;пам`ятка природи;гідрлогічна;0,6;Сарненський район Карпилівське л-во: кв. 82 вид.1;ДП „Сарненський лісгосп”;Рішення облради № 213 від 13.10.93р.;
7;Балка Гребельки;пам`ятка природи;гідрлогічна;15;Гощанський район с.Бугрин;Бугринська сільська рада;Рішення облради № 584 від 27.05.05р.;
8;Джерело Безодня;пам`ятка природи;гідрлогічна;12;Гощанський район с.Бугрин;Бугринська сільська рада;Рішення облради № 584 від 27.05.05р.;
9;Джерело Медведка;пам`ятка природи;гідрлогічна;1,6;Гощанський район с.Бугрин;Бугринська сільська рада;Рішення облради № 584 від 27.05.05р.;
10;Дорогобузькі джерела;пам`ятка природи;гідрлогічна;8,7;Гощанський район с.Горбаків;Горбаківська сільська рада;Рішення облради № 584 від 27.05.05р.;
11;Рязниківські джерела;пам`ятка природи;гідрлогічна;0,1;Гощанський район с.Рясники;Рясниківська сільська рада;Рішення облради № 584 від 27.05.05р.;
12;Джерело Ринва;пам`ятка природи;гідрлогічна;9,9;Здолбунівський район кв. 66 вид. 6, 7, 11, 12;ДП СЛП “Здолбунівський держспецлісгосп”;Рішення облради № 584 від 27.05.05р.;
13;Башинська криничка;пам`ятка природи;гідрлогічна;0,1;Гощанський район с.Башине;Бугринська сільська рада;Рішення облради № 263 від 22.04.2011р.;
;Разом пам`яток природи гідрологічних;13;;56,3;;;;
1;Базальтові стовпи;пам`ятка природи;геологічна;0,8;Костопільський район;ВАТ “Івано-Долинський спецкар’єр”;Рішення облвиконкому № 343 від 22.11.83р. (зі змінами рішення облвиконкому № 98 від 18.06.1991р.);
2;Кар’єр кембрійських глин;пам`ятка природи;геологічна;2;Рівненський район с.Хотинь;Шпанівська сільська рада;Рішення облвикон­кому № 343 від 22.11.83 р. (зі змінами рішення облвиконкому № 98 від 18.06.1991р.);
;Разом пам`яток природи геологічних ;2;;2,8;;;;
;Всього пам’яток природи місцевого значення;59;;394,42;;;;
1;Терентіївські гори;заповідне урочище;;15;Гощанський район с.Синів;Синівська сільська рада;Рішення облради № 584 від 27.05.05р.;
2;Новоставське;заповідне урочище;;53;Гощанський район кв.13 ;"ДП СЛАП ""Гощанський держспецлісгосп""";Рішення облвикон-кому № 343 від 22.11.83 р. (зі змінами рішення облвиконкому № 98 від 18.06.1991р., рішення облради № 322 від 05.03.2004р. та змінами рішення облради № 584 від 27.05.2005р.);
3;Бірок;заповідне урочище;;28,7;"Дубенський район Смизьке л-во: кв.1 вид.1, 2, 4, 8; кв.2 вид.1, 8, 10, 13";ДП „Дубенський лісгосп”;Рішення облвикон­кому № 343 від 22.11.83 р. (зі змінами рішення облвиконкому № 98 від 18.06.1991р.та зі змінами рішення облради № 58 від 29.10.2002р.);
4;Олександрівка;заповідне урочище;;103;Дубенський район Мирогощанське л-во: кв.25, 26 (крім вид. 10);ДП „Дубенський лісгосп”;Рішення облвикон­кому № 343 від 22.11.83 р. (зі змінами рішення облвиконкому № 98 від 18.06.1991р.);
5;Дубові насадження;заповідне урочище;;2,5;Дубенський район Смизьке л-во: кв.13 вид.19;ДП „Дубенський лісгосп”;Рішення облвикон­кому № 98 від 18.06.91р.;
6;Ділянка лісу;заповідне урочище;;9,6;"Дубенський район Смизьке л-во: кв. 50 вид.23;  кв. 74 вид.2";ДП „Дубенський лісгосп”;Рішення облвикон­кому № 98 від 18.06.91р.;
7;Ділянка ясеневого лісу;заповідне урочище;;10;Демидівський район кв. 2 вид. 7, 11, 13, 16, 17;ДП СЛАП „Демидівський держспецлісгосп”;Рішення облради № 584 від 27.05.05р.;
8;Більське;заповідне урочище;;10;Дубровицький район Більське л-во: кв. 44  вид.1;ДП „Висоцький лісгосп”;Рішення облвикон­кому № 343 від 22.11.83 р. (зі змінами рішення облвиконкому № 98 від 18.06.1991р.);
9;Золотинське;заповідне урочище;;12;Дубровицький район Золотинське л-во: кв. 36 вид.2;ДП „Висоцький лісгосп”;Рішення облвикон­кому № 343 від 22.11.83 р. (зі змінами рішення облвиконкому № 98 від 18.06.1991р.);
10;Поліська діброва;заповідне урочище;;26;"Дубровицький район Дубровицьке л-во: кв. 40 вид.9; кв. 28 вид.11, 12";ДП „Дубровицький лісгосп”;Рішення облвикон­кому № 343 від 22.11.83р. (зі змінами рішення облвиконкому № 98 від 18.06.1991р.);
11;Топець;заповідне урочище;;8,1;Зарічненський район Річецьке л-во: кв. 26 вид.7, 10, 13, 23, 27, 28;ДП „Зарічненський лісгосп”;Рішення облвикон­ко­му № 343 від 22.11.83 р. (зі змінами рішення облвиконкому № 98 від 18.06.1991р.);
12;Гурби;заповідне урочище;;196;Здолбунівський район Мостівське л-во: кв. 58,59  вид.1-19, 21-24;ДП „Острозький лісгосп”;Рішення облвикон­кому № 343 від 22.11.83 р. (зі змінами рішення облвиконкому № 98 від 18.06.1991р. та рішення облради № 1331 від 25.09.2009р.);
13;Нараїв;заповідне урочище;;52;Здолбунівський район Мостівське л-во: кв. 6;ДП „Острозький лісгосп”;Рішення облвикон­кому № 343 від 22.11.83 р. (зі змінами рішення облвиконкому № 98 від 18.06.1991р. та рішення облради № 1331 від 25.09.2009р.);
14;Спасівське;заповідне урочище;;260;Здолбунівський район Здолбунівське л-во: кв. 39-41, 51-53, 55-57;ДП „Рівненський лісгосп”;Рішення облвикон­кому № 343 від 22.11.83 р. (зі змінами рішення облвиконкому № 98 від 18.06.1991р.);
15;Мостівське;заповідне урочище;;101;Здолбунівський район Мостівське л-во: кв. 52;ДП „Острозький лісгосп”;Рішення облвикон­кому № 343 від 22.11.83 р. (зі змінами рішення облвиконкому № 98 від 18.06.1991р. та рішення облради № 1331 від 25.09.2009р.);
16;Ділянка букового лісу;заповідне урочище;;7,7;Здолбунівський район Здолбунівське л-во: кв. 50 вид.1;ДП “Рівненський лісгосп”;Рішення облради № 584 від 27.05.05р.;
17;Урочище “Будки”;заповідне урочище;;6,6;Здолбунівський район кв. 66 вид. 8-10, 13, 14;ДП СЛП “Здолбунівський держспецлісгосп”;Рішення облради № 584 від 27.05.05р.;
18;Урочище “Пекло”;заповідне урочище;;54;"Здолбунівський район Мостівське л-во: кв. 74 вид. 2, 11, 15, 16, 23-25;  кв. 76, вид. 10, 12, 13, 22, 23, 27";ДП “Острозький лісгосп”;Рішення облради № 584 від 27.05.05р. (зі змінами рішення облради № 1331 від 25.09.2009р.);
19;Урочище “Зіньків камінь”;заповідне урочище;;54;Здолбунівський район Мостівське л-во: кв.63 вид. 2-9, 11-17;ДП “Острозький лісгосп”;Рішення облради № 584 від 27.05.05р. (зі змінами рішення облради № 1331 від 25.09.2009р.);
20;Урочище “Турова могила”;заповідне урочище;;1,5;Здолбунівський район Мостівське л-во: кв. 64 вид. 19;ДП “Острозький лісгосп”;Рішення облради № 584 від 27.05.05р. (зі змінами рішення облради № 1331 від 25.09.2009р.);
21;Базальтівська дача;заповідне урочище;;19,2;Костопільський район Базальтівське л-во: кв. 2  вид.10, 29;ДП „Костопільський лісгосп”;Рішення облвикон­кому № 343 від 22.11.83 р. (зі змінами рішення облвиконкому № 98 від 18.06.1991р.);
22;Еталонні насадження;заповідне урочище;;14;Костопільський район Базальтівське л-во: кв. 9 вид.2  ;ДП „Костопільський лісгосп”;Рішення облвикон­кому № 343 від 22.11.83 р. (зі змінами рішення облвиконкому № 98 від 18.06.1991р. та рішення облради № 1331 від 25.09.2009р.);
23;Базальтівська діброва;заповідне урочище;;21;Костопільський район Базальтівське л-во: кв.13 вид.1, 4;ДП „Костопільський лісгосп”;Рішення облвикон­кому № 343 від 22.11.83 р. (зі змінами рішення облвиконкому № 98 від 18.06.1991р.);
24;Ділянка лісу;заповідне урочище;;0,4;Костопільський район Базальтівське л-во: кв.17 вид.15;ДП „Костопільський лісгосп”;Рішення облвикон­кому № 343 від 22.11.83 р. (зі змінами рішення облвиконкому № 98 від 18.06.1991р.);
25;Острівні вікові насадження;заповідне урочище;;46,3;"Костопільський район Костопільське л-во: кв.1 вид.1, 14, 15, 18, 26, 27, 30; кв. 2 вид.17, 19, 23";ДП „Костопільський лісгосп”;Рішення облвикон­кому № 343 від 22.11.83 р. (зі змінами рішення облвиконкому № 98 від 18.06.1991р.);
26;Еталонні насадження;заповідне урочище;;0,7;Костопільський район Базальтівське л-во: кв.16 вид. 43;ДП „Костопільський лісгосп”;Рішення облвикон­кому № 343 від 22.11.83 р. (зі змінами рішення облвиконкому № 98 від 18.06.1991р.);
27;Дубово-грабові насадження на Поліссі;заповідне урочище;;11,5;Костопільський район Корчинське л-во: кв.17 вид. 3, 4;ДП „Рівненський лісгосп”;Рішення облвикон­кому № 343 від 22.11.83 р. (зі змінами рішення облвиконкому № 98 від 18.06.1991р.);
28;Соснові насадження;заповідне урочище;;14;Костопільський район Мащанське л-во: кв. 55 вид. 1;ДП „Костопільський лісгосп”;Рішення облвикон­кому № 343 від 22.11.83 р. (зі змінами рішення облвиконкому № 98 від 18.06.1991 р.);
29;Сосносі насадження;заповідне урочище;;1,9;Костопільський район Мащанське л-во: кв. 48 вид.27;ДП „Костопільський лісгосп”;Рішення облвикон­кому № 343 від 22.11.83 р. (зі змінами рішення облвиконкому № 98 від 18.06.1991р.);
30;Сосново-дубові насадження;заповідне урочище;;7,2;Костопільський район Мащанське л-во: кв. 54 вид. 5, 7, 8, 11 ;ДП „Костопільський лісгосп”;Рішення облвикон­кому № 343 від 22.11.83 р. (зі змінами рішення облвиконкому № 98 від 18.06.1991р. та рішення облради № 1331 від 25.09.2009р.);
31;Дубові насадження;заповідне урочище;;12;Костопільський район Моквинське л-во: кв. 32 вид.4;ДП „Костопільський лісгосп”;Рішення облвикон­кому № 343 від 22.11.83 р. (зі змінами рішення облвиконкому № 98 від 18.06.1991р.);
32;Дубові насадження;заповідне урочище;;3,7;Костопільський район Моквинське л-во: кв. 50 вид.3;ДП „Костопільський лісгосп”;Рішення облвикон­кому № 343 від 22.11.83 р. (зі змінами рішення облвиконкому № 98 від 18.06.1991 р.);
33;Еталонні насадження;заповідне урочище;;2,5;Костопільський район Моквинське л-во: кв. 53 вид.14, 43;ДП „Костопільський лісгосп”;Рішення облвикон­кому № 343 від 22.11.83 р. (зі змінами рішення облвиконкому № 98 від 18.06.1991 р.);
34;Космачівщина;заповідне урочище;;64;"Костопільський район Моквинське л-во: кв. 11 вид.5, 6, 13, 14;  кв. 18 вид.1, 10, 15, 21";ДП „Костопільський лісгосп”;Рішення облвикон­кому № 343 від 22.11.83 р. (зі змінами рішення облвиконкому № 98 від 18.06.1991р.);
35;Золотолинська дача;заповідне урочище;;197,6;"Костопільський район Стиденське  л-во: кв. 15 вид. 3, 4, 9, 10, 13, 16, 17, 18; кв. 16 вид. 8, 13, 14 кв. 17 вид. 11, 12, 18, 20 кв. 22 вид. 5, 7, 8, 12 кв.23 вид.1,2,11,18,20,22,28";ДП „Костопільський лісгосп”;Рішення облвикон­кому № 343 від 22.11.83 р. (зі змінами рішення облвиконкому № 98 від 18.06.1991р. та рішення облради № 1331 від 25.09.2009р.);
36;Суська дача;заповідне урочище;;227;Костопільський район Суське л-во: кв. 26, 27;ДП „Клеванський лісгосп”;Рішення облвикон­кому № 343 від 22.11.83 р. (зі змінами рішення облвиконкому № 98 від 18.06.1991р.);
37;Вікові ялинові насадження;заповідне урочище;;3,9;Костопільський район Костопільське л-во: кв. 26 вид.44;ДП „Костопільський лісгосп”;Рішення облради № 213 від 13.10.93р.;
38;Ялинові насадження;заповідне урочище;;1,5;Костопільський район Мащанське л-во: кв. 5 вид.15;ДП „Костопільський лісгосп”;Рішення облради № 213 від 13.10.93р.;
39;Вікові дубові насадження;заповідне урочище;;19;Костопільський район Грушівське л-тво: кв. 103 вид.19;Костопільське військове лісництво;Рішення облвикон­кому № 98 від 18.06.91р.;
40;Ділянка лісу;заповідне урочище;;7,5;Костопільський район Козлинське л-тво: кв.51 вид.1;Костопільське військове лісництво;Рішення облвикон­кому № 98 від 18.06.91р.;
41;Дубові насадження;заповідне урочище;;8,7;Костопільський район Козлинське л-тво: кв. 5 вид.3;Костопільське військрве лісництво;Рішення облвиконкому № 98 від 18.06.91р.;
42;Урочище “Берещина”;заповідне урочище;;2,7;Млинівський район Вовковиївське л-во: кв. 45 вид. 8, 9;ДП „Млинівський лісгосп”;Рішення облвикон­кому № 98 від 18.06.91р. (зі змінами рішення облради № 1438 від 18.12.2009р.);
43;Урочище “Кароліна”;заповідне урочище;;4,3;Млинівський район Млинівське л-во: кв. 26 вид.11;ДП „Млинівський лісгосп”;Рішення облвиконкому № 98 від 18.06.91р. (зі змінами рішення облради № 1438 від 18.12.2009р.);
44;Урочище “Смордва”;заповідне урочище;;5;Млинівський район Вовковиївське л-во: кв. 55 вид. 2, 3, 5;ДП „Млинівський лісгосп”;Рішення облвикон­кому № 98 від 18.06.91р. (зі змінами рішення облради № 1438 від 18.12.2009р.);
45;Гора Смордва;заповідне урочище;;5;Млинівський район;Смордвівська сільська рада;Рішення облради № 584 від 27.05.05р.;
46;Віковічні дуби;заповідне урочище;;10,2;Острозький район Хорівське л-во: кв. 23 вид.2,  кв. 29 вид.26, кв. 30 вид.2;ДП „Острозький лісгосп”;Рішення облради № 213 від 13.10.93р.;
47;Вікові дубові насадження;заповідне урочище;;48,4;Острозький район Новомалинське л-во: кв.43 вид.2  кв.60 вид.6,7,9;ДП „Острозький лісгосп”;Рішення облради № 213 від 13.10.93р. (зі змінами рішення облради № 322 від 05.03.2004р. та № 584 від 27.05.2005р.;
48;Букові насадження;заповідне урочище;;9;Радивилівський район Радивилівське л-во: кв.119 вид.11, 18, 19;ДП „Дубенський лісгосп”;Рішення облради № 213 від 13.10.93р.;
49;Буковий ліс;заповідне урочище;;7;Радивилівський район Радивилівське л-во: кв.91 вид.5;ДП „Дубенський лісгосп”;Рішення облради № 213 від 13.10.93р.;
50;Соснові насадження;заповідне урочище;;3;Радивилівський район Радивилівське л-во: кв. 11 вид.5;ДП „Дубенський лісгосп”;Рішення облради № 213 від 13.10.93р.;
51;Гора “Цимбал”;заповідне урочище;;9,2;Радивилівський район с.Дружба;Дружбівська сільська рада;Рішення облвикон­кому № 98 від 18.06.91р.;
52;Гора “Красна”;заповідне урочище;;4,5;Радивилівський район кв.96 вид. 1, 2;"ДП СЛАП ""Радивилівський держспецлісгосп""";Рішення облвикон­кому № 98 від 18.06.91р.;
53;Глинсько;заповідне урочище;;1,3;Радивилівський район Радивилівське л-во: кв. 81 вид.12;ДП „Дубенський лісгосп”;Рішення облради № 33 від 28.02.95р.;
54;Сосновий ліс;заповідне урочище;;6,5;Радивилівський район Радивилівське л-во: кв. 63 вид.11;ДП „Дубенський лісгосп”;Рішення облради № 33 від 28.02.95р.;
55;Яценькове озеро;заповідне урочище;;19,8;Радивилівський район Радивилівське л-во: кв. 46 вид.19, 20, кв. 47 вид.6;ДП „Дубенський лісгосп”;Рішення облради № 33 від 28.02.95р.;
56;Олександрійська дача;заповідне урочище;;42;Рівненський район Олександрійське л-во: кв.29 вид.1 ;ДП „Рівненський лісгосп”;Рішення облвикон­кому № 343 від 22.11.83 р. (зі змінами рішення облвиконкому № 98 від 18.06.1991р. та рішення облради № 1331 від 25.09.2009р.);
57;Урочище “Жуківське”;заповідне урочище;;4,6;Рівненський район Сморжівське л-во: кв. 3 вид. 2, 7;ДП „Клеванський лісгосп”;Рішення облради № 98 від 18.06.91р.;
58;Урочище “Сморжівське”;заповідне урочище;;6,2;Рівненський район Сморжівське л-во: кв. 14 вид.19;ДП „Клеванський лісгосп”;Рішення облради № 98 від 18.06.91р.;
59;Урочище “Покоси”;заповідне урочище;;5,9;Рівненський район Сморжівське л-во: кв. 24 вид. 8-10;ДП „Клеванський лісгосп”;Рішення облради № 98 від 18.06.91р. (зі змінами рішення облради № 1331 від 25.09.2009р.);
60;Сосонки;заповідне урочище;;4,7;м. Рівне;Рівненський зоопарк;Рішення облради № 33 від 28.02.95р.;
61;Бармаківське;заповідне урочище;;22,4;Рівненський район с.Бармаки;Великожитинська сільська рада ;Рішення облвиконкому № 343 від 22.11.83 р.(зі змінами рішення облвиконкому № 98 від 18.06.1991р., рішення облради № 322 від 05.03.2004р. та змінами рішення облради № 584 від 27.05.2005р.);
62;Порозівське;заповідне урочище;;118;Рівненський район Здолбунівське л-во: кв.2, 3;ДП “Рівненський лісгосп”;Рішення облради № 584 від 27.05.05р.;
63;Урочище “Дуби”;заповідне урочище;;6,1;Рівненський район Решуцьке л-во: кв. 46 вид. 2, 5, 17;ДП “Клеванський лісгосп”;Рішення облради № 584 від 27.05.05р.;
64;Природні соснові насадження;заповідне урочище;;5;Рокитнівський район Масевицьке л-во: кв. 1 вид.17;ДП „Рокитнівський лісгосп”;Рішення облвикон­кому № 343 від 22.11.83 р. (зі змінами рішення облвиконкому № 98 від 18.06.1991 р.);
65;Острівні дубові насадження;заповідне урочище;;5;Рокитнівський район Масевицьке л-во: кв. 49 вид.45;ДП „Рокитнівський лісгосп”;Рішення облвикон­кому № 343 від 22.11.83 р. (зі змінами рішення облвиконкому № 98 від 18.06.1991р.);
66;Діброва;заповідне урочище;;16;Рокитнівський район Масевицьке л-во: кв. 43 вид.2, 8, 10, 16, 18, 27, 28, 31;ДП „Рокитнівський лісгосп”;Рішення облвикон­кому № 343 від 22.11.83 р. (зі змінами рішення облвиконкому № 98 від 18.06.1991р.);
67;Лісонасіннева ділянка соснового лісу;заповідне урочище;;5;Рокитнівський район Масевицьке л-во: кв. 33 вид.18, 32;ДП „Рокитнівський лісгосп”;Рішення облвикон­кому № 343 від 22.11.83 р. (зі змінами рішення облвиконкому № 98 від 18.06.1991р.);
68;Еталонні соснові насадження;заповідне урочище;;5;Рокитнівський район Карпилівське л-во: кв. 40 вид.5;ДП „Рокитнівський лісгосп”;Рішення облвикон­кому № 343 від 22.11.83 р. (зі змінами рішення облвиконкому № 98 від 18.06.1991р. та рішення облради № 1331 від 25.09.2009р.);
69;Самити;заповідне урочище;;3;Рокитнівський район Дубнівське л-во: кв.6 вид.6;ДП „Остківський лісгосп”;Рішення облради № 33 від 28.02.95р.;
70;Франкове;заповідне урочище;;19,3;Рокитнівський район Кисорицьке л-во: кв. 23 вид.17-20 кв. 24 вид.19;ДП „Остківський лісгосп”;Рішення облради № 33 від 28.02.95р.;
71;Закопища;заповідне урочище;;16,9;Рокитнівський район Кисорицьке л-во: кв. 27 вид.9, 10, 16;ДП „Остківський лісгосп”;Рішення облради № 33 від 28.02.95р.;
72;Соловейки;заповідне урочище;;8;Рокитнівський район Мушнянське л-во: кв. 29 вид.21, кв. 30 вид.28,  кв.38 вид.51, кв.39 вид.1;ДП „Остківський лісгосп”;Рішення облради № 33 від 28.02.95р.;
73;Відпочинок;заповідне урочище;;2,2;Рокитнівський район Остківське л-во: кв. 11 вид.8;ДП „Остківський лісгосп”;Рішення облради № 33 від 28.02.95р.;
74;Печорки;заповідне урочище;;7,2;Рокитнівський район Остківське л-во: кв. 28 вид.11;ДП „Остківський лісгосп”;Рішення облради № 33 від 28.02.95р.;
75;Ствига;заповідне урочище;;3,1;Рокитнівський район Остківське л-во: кв.39 вид.29-35;ДП „Остківський лісгосп”;Рішення облради № 33 від 28.02.95р.;
76;Костянтинівське;заповідне урочище;;126,3;Сарненський район Костянтинівське л-во: кв. 50-53;ДП „Сарненський лісгосп”;Рішення облвиконкому № 343 від 22.11.83 р. (зі змінами рішення облвиконкому № 98 від 18.06.1991р.);
77;Розвилка;заповідне урочище;;16;Сарненський район Страшівське л-во: кв. 77 вид. 2, 3;ДП „Сарненський лісгосп”;Рішення облвикон­кому № 343 від 22.11.83 р. (зі змінами рішення облвиконкому № 98 від 18.06.1991р. та рішення облради № 1438 від 18.12.2009р.);
78;Ділянка соснового лісу;заповідне урочище;;7,8;Сарненський район Федорівське л-во: кв. 48 вид.26;ДП „Клесівський лісгосп”;Рішення облради № 213 від 13.10.93р.;
79;Дубовий гай;заповідне урочище;;7,7;Сарненський район Ясногірське л-во: кв. 41 вид.3;ДП „Клесівський лісгосп”;Рішення облради № 213 від 13.10.93р.;
80;Урочище “Любонька”;заповідне урочище;;27;Сарненський район Любоньське л-во: кв. 2 вид.24;ДП „Клесівський лісгосп”;Рішення облради № 213 від 13.10.93р. (зі змінами рішення облради № 1331 від 25.09.2009р.);
81;Дубовий гай;заповідне урочище;;12;Сарненський район Степанське л-во: кв. 29 вид.12;ДП „Березнівський лісгосп”;Рішення облради № 213 від 13.10.93р.;
82;Вікові соснові насадження;заповідне урочище;;16;Сарненський район Степанське л-во: кв. 29 вид.1;ДП „Березнівський лісгосп”;Рішення облради № 213 від 13.10.93р.;
83;Чорний ліс;заповідне урочище;;2,7;Сарненський район Кузьмівське л-во: кв. 49 вид.3;ДП „Березнівський лісгосп”;Рішення облради № 33 від 28.02.95р.;
84;Поліщукове;заповідне урочище;;3,8;Сарненський район Кузьмівське л-во: кв. 47 вид.11;ДП „Березнівський лісгосп”;Рішення облради № 33 від 28.02.95р.;
85;Букові насадження;заповідне урочище;;3,5;Сарненський район Кричильське л-во: кв. 33 вид. 9, 10;ДП „Сарненський лісгосп”;Рішення облвиконкому № 98 від 18.06.91р. (зі змінами рішення облради № 1438 від 18.12.2009р.);
86;Дівоча гора;заповідне урочище;;266,7;Здолбунівський район Здолбунівське л-во: кв. 16 вид. 1-11, кв. 17 вид. 1-17, 23, 24, кв. 18, кв. 19, кв. 20;ДП „Рівненський лісгосп”;Рішення облвикон­кому № 343 від 22.11.83р. (зі змінами рішення облвиконкому № 98 від 18.06.1991р. та рішення обласної ради від 22.04.2011 № 264);
87;Очеретяне;заповідне урочище;;1,3;Березнівський район Більчаківське л-во: кв.15 вид.26;ДП „Соснівський лісгосп”;Рішення облради № 322 від 5.03.04р.;
88;Озеро Воронки;заповідне урочище;;23;Володимирецький район с.Воронки;Воронківська  сільська рада;Рішення облвиконкому № 98 від 18.06.1991р.;
89;Урочище “Маївка”;заповідне урочище;;15;Демидівський район с.Вичавки;Хрінницька сільська рада;Рішення облвиконкому № 10 від 23.01.90 р. (зі змінами рішення облвиконкому № 98 від 18.06.1991р.);
90;Вичівське;заповідне урочище;;95;Зарічненський район Вичівське л-во: кв.30 вид.1-4;ДП „Зарічненський лісгосп”;Рішення облвиконкому № 343 від 22.11.83 р. (зі змінами рішення облвиконкому № 98 від 18.06.1991р.);
91;Чернинське;заповідне урочище;;26;Зарічненський район с.Чернин ;Зарічненська селищна рада;Рішення облвиконкому № 343 від 22.11.83 р. (зі змінами рішення облвиконкому № 98 від 18.06.1991р.);
92;Стидинська дача;заповідне урочище;;412;Костопільський район Стидинське л-во: кв. 18, 19, 20, 30;ДП „Костопільський лісгосп”;Рішення облвиконкому № 343 від 22.11.83 р. (зі змінами рішення облвиконкому № 98 від 18.06.1991р. та рішення облради № 1331 від 25.09.2009р.);
93;Урочище “Війницьке”;заповідне урочище;;10;Млинівський район с.Війниця;Війницька сільська рада;Рішення облвиконкому № 10 від 23.01.90р. (зі змінами рішення облвиконкому № 98 від 18.06.1991р.);
94;Козацькі могили;заповідне урочище;;3,5;Радивилівський район с.Пляшева;Пляшевська сільська рада;Рішення облвикон­кому № 343 від 22.11.83 р. (зі змінами рішення облвиконкому № 98 від 18.06.1991р.);
95;Урочище “Пустиця”;заповідне урочище;;4,3;Радивилівський район с.Кам’яна Верба;Пустоіваннівська  сільська рада;Рішення облвикон­кому № 98 від 18.06.91р.;
96;Урочище “Соломка”;заповідне урочище;;220;Рівненський район Олександрійське л-во: кв.27, 32, 36, 37 ;ДП „Рівненський лісгосп”;Рішення облвикон­кому № 343 від 22.11.83 р. (зі змінами рішення облвиконкому № 98 від 18.06.1991р. та рішення облради № 1331 від 25.09.2009р.);
97;Мушнянське;заповідне урочище;;19,5;Рокитнівський район Мушнянське л-во: кв. 50 вид. 2, 3, 6;ДП „Остківський лісгосп”;Рішення облвикон­кому № 343 від 22.11.83р. (зі змінами рішення облвиконкому № 98 від 18.06.1991р.);
;Всього заповідних урочищ;97;;3454,9;;;;
1;Зірненський парк;парк-пам’ятка садово-паркового мистецтва ;;17,2;Березнівський район;Березнівський лісовий коледж;Рішення облвиконкому № 343 від 22.11.83р. (зі змінами рішення облвиконкому № 98 від 18.06.1991р.);
2;Парк “Антонівка”;парк-пам’ятка садово-паркового мистецтва ;;9,7;Володимирецький район;Антонівська сільська рада;Рішення облради № 33 від 28.02.95р.;
3;Тучинський парк;парк-пам’ятка садово-паркового мистецтва ;;10;Гощанський район;Тучинська сільська рада;Рішення облвиконкому № 343 від 22.11.83р. (зі змінами рішення облвиконкому № 98 від 18.06.1991р.);
4;Мізоцький парк;парк-пам’ятка садово-паркового мистецтва ;;15;Здолбунівський район;Мізоцька селищна рада;Рішення облвиконкому № 343 від 22.11.83 р. (зі змінами рішення облвиконкому № 98 від 18.06.1991р.);
5;Острожецький парк;парк-пам’ятка садово-паркового мистецтва ;;16;Млинівський район;Острожецька сільська рада;Рішення облвиконкому № 343 від 22.11.83р. (зі змінами рішення облвиконкому № 98 від 18.06.1991р.);
6;Млинівський парк;парк-пам’ятка садово-паркового мистецтва ;;25;Млинівський район;Млинівська селищна рада;Рішення облради № 213 від 13.10.93р.;
7;Острозький парк;парк-пам’ятка садово-паркового мистецтва ;;6,6;Острозький район;Острозька міська рада;Рішення облвикон­кому № 343 від 22.11.83р. (зі змінами рішення облвиконкому № 98 від 18.06.1991р.);
8;Городоцький парк;парк-пам’ятка садово-паркового мистецтва ;;8;Рівненський район;Рівненсько-Острозька єпархія;Рішення облради № 213 від 13.10.93р.;
9;Клеванський парк;парк-пам’ятка садово-паркового мистецтва ;;7;Рівненський район;Клеванська селищна рада;Рішення облвиконкому № 343 від 22.11.83р. (зі змінами рішення облвиконкому № 98 від 18.06.1991р.);
10;Новоставський дендропарк;парк-пам’ятка садово-паркового мистецтва ;;1,5;Рівненський район Новоставське л-во: кв. 39 вид.22;ДП “Клеванський лісгосп”;Рішення облвиконкому № 343 від 22.11.83 р. (зі змінами рішення облвиконкому № 98 від 18.06.1991р.);
11;Олександрійський парк;парк-пам’ятка садово-паркового мистецтва ;;5;Рівненський район;Олександрійська сільська рада;Рішення облвикон­кому № 343 від 22.11.83 р. (зі змінами рішення облвиконкому № 98 від 18.06.1991р.);
12;Великомежирицький парк;парк-пам’ятка садово-паркового мистецтва ;;7;Корецький район;Великомежирицька сільська рада;Рішення облради № 584 від 27.05.05р.;
;Всього парків-пам`яток садово-паркового мистецтва місцевого значення;12;;128;;;;
1;Прип’ять-Стохід;регіональний ландшафтний парк;;21600;Зарічненський район  села  Омит, Нобель, Сенчиці, Локриця, Морочне, Неньковичі;ДП „Зарічненський лісгосп”, Омитська сільська рада, Нобельська сільська рада, Сенчицька сільська рада, Локницька сільська рада, Морочненська сільська рада, Неньковицька сільська рада, СВСК”Селянський ліс”;Рішення облради № 33 від 28.02.1995р.;
2;Надслучанський;регіональний ландшафтний парк;;17271;Березнівський район села Губків, Маринин, Більчаки, Хмелівка;"ДП „Соснівський лісгосп”, СВК “Зоря”, СВК ”Світанок”, СВК ”Хмелівський”, ПГ ”Рівнегаз”, ДП СЛАП ""Березнівський держспецлісгосп""";Рішення облради № 139  від 24.03.2000р.;
3;Дермансько-Мостівський;регіональний ландшафтний парк;;19837;Здолбунівський район села Дермань Перша, Дермань Друга, Нова Мощаниця, Мости, Будераж, Буща, Ступне, Півче, Святе;"СВК ""РК-Хміль"", СВК ""Воля"", Бущанська сільрада, Півчанська сільрада ДП СЛАП ""Здолбунівський держспецлісгосп"" ДП ""Острозький лісгосп""";Рішення облради № 341 від 28.02.2002р.;
;Всього регіональних ландшафтних парків ;3;;58708;;;;
;Всього територій та об`єктів ПЗФ місцевого значення;283;;116572,62;;;;
;Всього територій та об`єктів ПЗФ;310;;181530,22;;;;